Nome da rua;Freguesia
Escadas da Lomba;ALDEIA DE SÃO FRANCISCO DE ASSIS
Estrada Municipal 512;ALDEIA DE SÃO FRANCISCO DE ASSIS
Largo da Eira;ALDEIA DE SÃO FRANCISCO DE ASSIS
Largo da Sobreira;ALDEIA DE SÃO FRANCISCO DE ASSIS
Rua Casa da Vinha;ALDEIA DE SÃO FRANCISCO DE ASSIS
Rua Direita;ALDEIA DE SÃO FRANCISCO DE ASSIS
Rua Sargento A. Torgal;ALDEIA DE SÃO FRANCISCO DE ASSIS
Rua da Avesseira;ALDEIA DE SÃO FRANCISCO DE ASSIS
Rua da Barroquinha;ALDEIA DE SÃO FRANCISCO DE ASSIS
Rua da Eira;ALDEIA DE SÃO FRANCISCO DE ASSIS
Rua da Galiza;ALDEIA DE SÃO FRANCISCO DE ASSIS
Rua da Lomba;ALDEIA DE SÃO FRANCISCO DE ASSIS
Rua da Malhada;ALDEIA DE SÃO FRANCISCO DE ASSIS
Rua da Vinha;ALDEIA DE SÃO FRANCISCO DE ASSIS
Rua do Barroco;ALDEIA DE SÃO FRANCISCO DE ASSIS
Rua do Casal;ALDEIA DE SÃO FRANCISCO DE ASSIS
Rua do Casarão;ALDEIA DE SÃO FRANCISCO DE ASSIS
Rua do Penedo;ALDEIA DE SÃO FRANCISCO DE ASSIS
Rua do Quebra Costas;ALDEIA DE SÃO FRANCISCO DE ASSIS
Rua do Ribeiro;ALDEIA DE SÃO FRANCISCO DE ASSIS
Rua do Sodinho;ALDEIA DE SÃO FRANCISCO DE ASSIS
Sítio do Caratão;ALDEIA DE SÃO FRANCISCO DE ASSIS
Travessa da Galiza;ALDEIA DE SÃO FRANCISCO DE ASSIS
Travessa da Rua Direita;ALDEIA DE SÃO FRANCISCO DE ASSIS
Travessa do Loureiro;ALDEIA DE SÃO FRANCISCO DE ASSIS
Travessa do Ribeiro;ALDEIA DE SÃO FRANCISCO DE ASSIS
1º Beco à Rua Cabeço de Baixo;BARCO E COUTADA
2º Beco à Rua Cabeço de Baixo;BARCO E COUTADA
Avenida São Sebastião;BARCO E COUTADA
Beco Carvalho da Iveca;BARCO E COUTADA
Beco Nº 1 da Rua do Calvário;BARCO E COUTADA
Beco Nº 1 da Rua do Torgal;BARCO E COUTADA
Beco Nº 2 da Rua do Calvário;BARCO E COUTADA
Beco Nº 2 da Rua do Torgal;BARCO E COUTADA
Beco Nº 3 da Rua do Calvário;BARCO E COUTADA
Beco Nº 3 da Rua do Torgal;BARCO E COUTADA
Beco da Corredoura;BARCO E COUTADA
Beco da Tapada do Clemente;BARCO E COUTADA
Beco das Escolas;BARCO E COUTADA
Beco de São Simão;BARCO E COUTADA
Beco do Bairro Novo;BARCO E COUTADA
Beco do Cabeço de Cima;BARCO E COUTADA
Beco do Forno;BARCO E COUTADA
Caminho da Alagoa;BARCO E COUTADA
Caminho da Quinta;BARCO E COUTADA
Caminho do Casal;BARCO E COUTADA
Caminho dos Covões;BARCO E COUTADA
Caminho dos Moleiros;BARCO E COUTADA
Estrada Barco -Silvares;BARCO E COUTADA
Estrada Municipal 513;BARCO E COUTADA
Estrada Municipal 513 Sítio do Vale Prado;BARCO E COUTADA
Estrada Nacional 343;BARCO E COUTADA
Largo Amoreira;BARCO E COUTADA
Largo Arrabalde;BARCO E COUTADA
Largo Cabeço Baixo;BARCO E COUTADA
Largo Capela;BARCO E COUTADA
Largo Fontinha;BARCO E COUTADA
Largo Infante Dom Henrique;BARCO E COUTADA
Largo São Sebastião;BARCO E COUTADA
Largo do Terreiro do Forno;BARCO E COUTADA
Pátio da Fontinha;BARCO E COUTADA
Quinta do Lagar;BARCO E COUTADA
Rua Alto Volta;BARCO E COUTADA
Rua Amoreira;BARCO E COUTADA
Rua Arrabalde;BARCO E COUTADA
Rua Cabeço Baixo;BARCO E COUTADA
Rua Cabeço de Cima;BARCO E COUTADA
Rua Calvário;BARCO E COUTADA
Rua Capela;BARCO E COUTADA
Rua Casão;BARCO E COUTADA
Rua Corredoura;BARCO E COUTADA
Rua Courela;BARCO E COUTADA
Rua Courela da Poça;BARCO E COUTADA
Rua Direita;BARCO E COUTADA
Rua Eira;BARCO E COUTADA
Rua Escadinhas;BARCO E COUTADA
Rua Escola Velha;BARCO E COUTADA
Rua Escolas;BARCO E COUTADA
Rua Fonte Romana;BARCO E COUTADA
Rua Fontinha;BARCO E COUTADA
Rua Forno;BARCO E COUTADA
Rua Fundo Povo;BARCO E COUTADA
Rua Furriel António Reis Morais;BARCO E COUTADA
Rua Igreja Nova;BARCO E COUTADA
Rua Igreja Velha;BARCO E COUTADA
Rua Independência;BARCO E COUTADA
Rua Lameirinha;BARCO E COUTADA
Rua Laranjeira;BARCO E COUTADA
Rua Lomba;BARCO E COUTADA
Rua Mina;BARCO E COUTADA
Rua Panquinha;BARCO E COUTADA
Rua Poça do Barro;BARCO E COUTADA
Rua Ribeirinho;BARCO E COUTADA
Rua Sobreirais;BARCO E COUTADA
Rua São Sebastião;BARCO E COUTADA
Rua São Simão;BARCO E COUTADA
Rua Terreiro;BARCO E COUTADA
Rua Torgal;BARCO E COUTADA
Rua Vale;BARCO E COUTADA
Rua Vale Prado;BARCO E COUTADA
Rua Valeira;BARCO E COUTADA
Rua Vinha da Valsa;BARCO E COUTADA
Rua da Cruz das Almas;BARCO E COUTADA
Rua da Fonte;BARCO E COUTADA
Rua da Fonte Velha;BARCO E COUTADA
Rua da Fraga;BARCO E COUTADA
Rua da Pedreira;BARCO E COUTADA
Rua das Fontainhas;BARCO E COUTADA
Rua das Minas da Recheira;BARCO E COUTADA
Rua das Sobreiras da Rainha;BARCO E COUTADA
Rua das Tapadas;BARCO E COUTADA
Rua do Carvalho da Iveca;BARCO E COUTADA
Rua do Casal;BARCO E COUTADA
Rua do Cimo do Povo;BARCO E COUTADA
Rua do Curral;BARCO E COUTADA
Rua do Saco;BARCO E COUTADA
Rua do Valinho;BARCO E COUTADA
Rua dos Aguilhões;BARCO E COUTADA
Sítio da Corredoura;BARCO E COUTADA
Sítio das Fontainhas;BARCO E COUTADA
Travessa Arrabalde;BARCO E COUTADA
Travessa Escolas;BARCO E COUTADA
Travessa Forno;BARCO E COUTADA
Travessa Jogo da Bola;BARCO E COUTADA
Travessa Mina;BARCO E COUTADA
Travessa Nº 1 da Estrada Nacional 343;BARCO E COUTADA
Travessa Terreiro do Forno;BARCO E COUTADA
Travessa Vale Prado;BARCO E COUTADA
Travessa da Alagoa;BARCO E COUTADA
Travessa da Capela;BARCO E COUTADA
Travessa da Corredoura;BARCO E COUTADA
Travessa da Eira;BARCO E COUTADA
Travessa da Fonte;BARCO E COUTADA
Travessa da Fontinha;BARCO E COUTADA
Travessa da Fraga;BARCO E COUTADA
Travessa da Iveca;BARCO E COUTADA
Travessa da Pedreira;BARCO E COUTADA
Travessa da Quelha;BARCO E COUTADA
Travessa da Rua da Fonte Velha;BARCO E COUTADA
Travessa da Tapada;BARCO E COUTADA
Travessa do Beco do Torgal;BARCO E COUTADA
Travessa do Valinho;BARCO E COUTADA
1ª Transversal Bairro Caldeirões;BOIDOBRA
1ª Transversal À Rua Bairro Novo;BOIDOBRA
1ª Transversal À Rua Nossa Senhora do Refúgio;BOIDOBRA
1ª Travessa da Rua Ribeiro Negro;BOIDOBRA
1ª Travessa do Bairro dos Freixos;BOIDOBRA
2ª Transversal Bairro Caldeirões;BOIDOBRA
2ª Travessa Bairro dos Freixos;BOIDOBRA
2ª Travessa da Rua Ribeiro Negro;BOIDOBRA
3ª Travessa Bairro dos Freixos;BOIDOBRA
Bairro da Boavista;BOIDOBRA
Bairro das Flores;BOIDOBRA
Bairro dos Caldeirões;BOIDOBRA
Bairro dos Freixos;BOIDOBRA
Beco Mimoso;BOIDOBRA
Beco da Meia Légua;BOIDOBRA
Beco do Cipreste;BOIDOBRA
Beco do Forno;BOIDOBRA
Beco do Salão Paroquial;BOIDOBRA
Caminho da Boavista;BOIDOBRA
Caminho da Quinta do Cabeço;BOIDOBRA
Canto da Ciência;BOIDOBRA
Canto da Praceta da Liberdade;BOIDOBRA
Eixo T.C.T. Refúgio;BOIDOBRA
Eixo T.C.T. Ribeiro Negro;BOIDOBRA
Estrada Municipal 506 Quinta Branca;BOIDOBRA
Estrada Municipal 507;BOIDOBRA
Estrada Nacional 230;BOIDOBRA
Estrada Quinta do Sol;BOIDOBRA
Lugar dos Lisboas;BOIDOBRA
Praceta Centro de Animação;BOIDOBRA
Praceta Liberdade;BOIDOBRA
Praceta Santa Casa da Misericórdia;BOIDOBRA
Praceta da Saudade;BOIDOBRA
Quinta do Tapado;BOIDOBRA
Rua 20 de Maio;BOIDOBRA
Rua Carolina Beatriz Ângelo;BOIDOBRA
Rua Centro Paroquial;BOIDOBRA
Rua Direita;BOIDOBRA
Rua Francisco Leal;BOIDOBRA
Rua Grupo Recreativo Refugiense;BOIDOBRA
Rua José Cardoso Pires;BOIDOBRA
Rua José Saramago;BOIDOBRA
Rua Malta;BOIDOBRA
Rua Mata Mouros;BOIDOBRA
Rua Nossa Senhora do Refúgio;BOIDOBRA
Rua Polito de Baixo;BOIDOBRA
Rua Portas do Sol;BOIDOBRA
Rua Quinta da Raposa;BOIDOBRA
Rua Quintas do Vale de Mouro;BOIDOBRA
Rua Ribeiro Negro;BOIDOBRA
Rua Rio Zêzere;BOIDOBRA
Rua Senhora da Estrela;BOIDOBRA
Rua Sophia de Mello Breyner Andresen;BOIDOBRA
Rua Sítio da Cruz;BOIDOBRA
Rua Zeca Afonso;BOIDOBRA
Rua da Alegria;BOIDOBRA
Rua da Boavista;BOIDOBRA
Rua da Emissora;BOIDOBRA
Rua da Igreja;BOIDOBRA
Rua da Ponte Seca;BOIDOBRA
Rua da Quinta da Branca;BOIDOBRA
Rua da Saudade;BOIDOBRA
Rua da Vinha Velha;BOIDOBRA
Rua das Cerzideiras;BOIDOBRA
Rua das Escolas;BOIDOBRA
Rua de Santo André;BOIDOBRA
Rua de São João;BOIDOBRA
Rua do Aeródromo;BOIDOBRA
Rua do Alvercão;BOIDOBRA
Rua do Bairro Novo;BOIDOBRA
Rua do Forno;BOIDOBRA
Rua do Moinho;BOIDOBRA
Rua do Operário Textil;BOIDOBRA
Rua do Património;BOIDOBRA
Rua do Pontão;BOIDOBRA
Rua do Saco;BOIDOBRA
Rua do Serrado;BOIDOBRA
Rua dos Moinhos;BOIDOBRA
Sítio dos Travessos;BOIDOBRA
Transversal da Rua Mata Mouros;BOIDOBRA
Travessa Malta;BOIDOBRA
Travessa Quinta das Ferreiras;BOIDOBRA
Travessa Quintas do Vale de Mouro;BOIDOBRA
Travessa da Meirinha;BOIDOBRA
Travessa da Moita;BOIDOBRA
Travessa da Ponte Seca;BOIDOBRA
Travessa da Quinta Branca;BOIDOBRA
Travessa do Jardim;BOIDOBRA
Urbanização Quinta Alãmpada;BOIDOBRA
Urbanização Quinta do Polito;BOIDOBRA
Urbanização Quinta do Sol;BOIDOBRA
Urbanização da Boavista;BOIDOBRA
Urbanização da Meirinha;BOIDOBRA
Alameda João Paulo II;CANTAR-GALO E VILA DO CARVALHO
Avenida 7 de Janeiro;CANTAR-GALO E VILA DO CARVALHO
Avenida Filarmónica Recreativa Carvalhense;CANTAR-GALO E VILA DO CARVALHO
Bairro da Saudade;CANTAR-GALO E VILA DO CARVALHO
Bairro dos Portais;CANTAR-GALO E VILA DO CARVALHO
Beco Brazão;CANTAR-GALO E VILA DO CARVALHO
Beco Canada;CANTAR-GALO E VILA DO CARVALHO
Beco Canada do Norte;CANTAR-GALO E VILA DO CARVALHO
Beco Delfina Ferreira;CANTAR-GALO E VILA DO CARVALHO
Beco Presa;CANTAR-GALO E VILA DO CARVALHO
Beco Quinta do Muro;CANTAR-GALO E VILA DO CARVALHO
Beco Romão;CANTAR-GALO E VILA DO CARVALHO
Beco da Rua Nova do Ribeiro da Relva;CANTAR-GALO E VILA DO CARVALHO
Caminho das Quintas;CANTAR-GALO E VILA DO CARVALHO
Canada de São Domingos;CANTAR-GALO E VILA DO CARVALHO
Canada do Andurão;CANTAR-GALO E VILA DO CARVALHO
Canada do Castinçal;CANTAR-GALO E VILA DO CARVALHO
Largo Doutor Carlos Coelho;CANTAR-GALO E VILA DO CARVALHO
Largo Ouron;CANTAR-GALO E VILA DO CARVALHO
Largo das Lages;CANTAR-GALO E VILA DO CARVALHO
Largo do Muro Alto;CANTAR-GALO E VILA DO CARVALHO
Largo do Povo da Pousadinha;CANTAR-GALO E VILA DO CARVALHO
Quinta das Calçadas;CANTAR-GALO E VILA DO CARVALHO
Ramal do Castinçal;CANTAR-GALO E VILA DO CARVALHO
Rua 1º de Maio;CANTAR-GALO E VILA DO CARVALHO
Rua 30 de Junho;CANTAR-GALO E VILA DO CARVALHO
Rua Amoreira;CANTAR-GALO E VILA DO CARVALHO
Rua Augusto Lopes Teixeira;CANTAR-GALO E VILA DO CARVALHO
Rua Barroca do Pio;CANTAR-GALO E VILA DO CARVALHO
Rua Calva Mimosa;CANTAR-GALO E VILA DO CARVALHO
Rua Calçada Romana;CANTAR-GALO E VILA DO CARVALHO
Rua Capela;CANTAR-GALO E VILA DO CARVALHO
Rua Castelo;CANTAR-GALO E VILA DO CARVALHO
Rua Centro Cívico;CANTAR-GALO E VILA DO CARVALHO
Rua Direita;CANTAR-GALO E VILA DO CARVALHO
Rua Escolas;CANTAR-GALO E VILA DO CARVALHO
Rua Estrada do Lameirão;CANTAR-GALO E VILA DO CARVALHO
Rua Fonte;CANTAR-GALO E VILA DO CARVALHO
Rua Grupo;CANTAR-GALO E VILA DO CARVALHO
Rua Grupo Instrução e Recreio;CANTAR-GALO E VILA DO CARVALHO
Rua Indústria;CANTAR-GALO E VILA DO CARVALHO
Rua Joaquim Farófia;CANTAR-GALO E VILA DO CARVALHO
Rua José Pacheco;CANTAR-GALO E VILA DO CARVALHO
Rua João Neves;CANTAR-GALO E VILA DO CARVALHO
Rua Junta de Freguesia;CANTAR-GALO E VILA DO CARVALHO
Rua Lameiro da Moita;CANTAR-GALO E VILA DO CARVALHO
Rua Lameirão de Baixo;CANTAR-GALO E VILA DO CARVALHO
Rua Lanofabril;CANTAR-GALO E VILA DO CARVALHO
Rua Liberdade;CANTAR-GALO E VILA DO CARVALHO
Rua Luís de Camões;CANTAR-GALO E VILA DO CARVALHO
Rua Maria Rosa de Carvoeira;CANTAR-GALO E VILA DO CARVALHO
Rua Meio;CANTAR-GALO E VILA DO CARVALHO
Rua Mina do Souto;CANTAR-GALO E VILA DO CARVALHO
Rua Nova Ribeiro da Relva;CANTAR-GALO E VILA DO CARVALHO
Rua Padre Parente;CANTAR-GALO E VILA DO CARVALHO
Rua Pio;CANTAR-GALO E VILA DO CARVALHO
Rua Professor Salcedas Pais;CANTAR-GALO E VILA DO CARVALHO
Rua Ramal do Canhoso;CANTAR-GALO E VILA DO CARVALHO
Rua Rego D'Água;CANTAR-GALO E VILA DO CARVALHO
Rua Relvão;CANTAR-GALO E VILA DO CARVALHO
Rua Ribeiro da Relva;CANTAR-GALO E VILA DO CARVALHO
Rua São Domingos;CANTAR-GALO E VILA DO CARVALHO
Rua Tapada;CANTAR-GALO E VILA DO CARVALHO
Rua Vale das Candeias;CANTAR-GALO E VILA DO CARVALHO
Rua da Alegria;CANTAR-GALO E VILA DO CARVALHO
Rua da Barreira;CANTAR-GALO E VILA DO CARVALHO
Rua da Belavista;CANTAR-GALO E VILA DO CARVALHO
Rua da Beringueira;CANTAR-GALO E VILA DO CARVALHO
Rua da Debarroca;CANTAR-GALO E VILA DO CARVALHO
Rua da Formiguinha;CANTAR-GALO E VILA DO CARVALHO
Rua da Mimosa;CANTAR-GALO E VILA DO CARVALHO
Rua da Portela;CANTAR-GALO E VILA DO CARVALHO
Rua das Figueiras;CANTAR-GALO E VILA DO CARVALHO
Rua das Flores;CANTAR-GALO E VILA DO CARVALHO
Rua das Lages;CANTAR-GALO E VILA DO CARVALHO
Rua das Palmeiras;CANTAR-GALO E VILA DO CARVALHO
Rua das Trapas;CANTAR-GALO E VILA DO CARVALHO
Rua do Andurão;CANTAR-GALO E VILA DO CARVALHO
Rua do Beco;CANTAR-GALO E VILA DO CARVALHO
Rua do Cabeço Gordo;CANTAR-GALO E VILA DO CARVALHO
Rua do Cabeço do Castelo;CANTAR-GALO E VILA DO CARVALHO
Rua do Caneco;CANTAR-GALO E VILA DO CARVALHO
Rua do Castinçal;CANTAR-GALO E VILA DO CARVALHO
Rua do Cruzeiro;CANTAR-GALO E VILA DO CARVALHO
Rua do Espírito Santo;CANTAR-GALO E VILA DO CARVALHO
Rua do Ouron;CANTAR-GALO E VILA DO CARVALHO
Rua do Pontão;CANTAR-GALO E VILA DO CARVALHO
Rua do Pouso;CANTAR-GALO E VILA DO CARVALHO
Rua do Salta Fora;CANTAR-GALO E VILA DO CARVALHO
Rua dos Alagoeiros;CANTAR-GALO E VILA DO CARVALHO
Rua dos Barreiros;CANTAR-GALO E VILA DO CARVALHO
Rua dos Campeões;CANTAR-GALO E VILA DO CARVALHO
Rua dos Portais;CANTAR-GALO E VILA DO CARVALHO
Rua dos Unidos;CANTAR-GALO E VILA DO CARVALHO
Sítio Senhor Jesus;CANTAR-GALO E VILA DO CARVALHO
Travessa 7 de Janeiro;CANTAR-GALO E VILA DO CARVALHO
Travessa Alagoeiros;CANTAR-GALO E VILA DO CARVALHO
Travessa Antiga;CANTAR-GALO E VILA DO CARVALHO
Travessa Arco;CANTAR-GALO E VILA DO CARVALHO
Travessa Augusto Fortuna;CANTAR-GALO E VILA DO CARVALHO
Travessa Carriço;CANTAR-GALO E VILA DO CARVALHO
Travessa Escadinhas;CANTAR-GALO E VILA DO CARVALHO
Travessa Grupo;CANTAR-GALO E VILA DO CARVALHO
Travessa Lameirão;CANTAR-GALO E VILA DO CARVALHO
Travessa Lameirão de Baixo;CANTAR-GALO E VILA DO CARVALHO
Travessa Maria Rosa da Carvoeira;CANTAR-GALO E VILA DO CARVALHO
Travessa Mimosas;CANTAR-GALO E VILA DO CARVALHO
Travessa Pedreira;CANTAR-GALO E VILA DO CARVALHO
Travessa Presa;CANTAR-GALO E VILA DO CARVALHO
Travessa Senhora da Conceição;CANTAR-GALO E VILA DO CARVALHO
Travessa Vale das Candeias;CANTAR-GALO E VILA DO CARVALHO
Travessa da Amoreira;CANTAR-GALO E VILA DO CARVALHO
Travessa da Capela;CANTAR-GALO E VILA DO CARVALHO
Travessa da Pousadinha;CANTAR-GALO E VILA DO CARVALHO
Travessa da Rua Direita;CANTAR-GALO E VILA DO CARVALHO
Travessa da Rua da Liberdade;CANTAR-GALO E VILA DO CARVALHO
Travessa das Escadinhas;CANTAR-GALO E VILA DO CARVALHO
Travessa das Trapas;CANTAR-GALO E VILA DO CARVALHO
Travessa de São Domingos;CANTAR-GALO E VILA DO CARVALHO
Travessa do Castelo;CANTAR-GALO E VILA DO CARVALHO
Travessa do Cruzeiro;CANTAR-GALO E VILA DO CARVALHO
Travessa do Ribeiro da Relva;CANTAR-GALO E VILA DO CARVALHO
Travessa dos Campeões;CANTAR-GALO E VILA DO CARVALHO
Travessa dos Morgados;CANTAR-GALO E VILA DO CARVALHO
Travessa dos Portais;CANTAR-GALO E VILA DO CARVALHO
Viela das Lages;CANTAR-GALO E VILA DO CARVALHO
Viela do Castelo;CANTAR-GALO E VILA DO CARVALHO
Viela do Ribeiro da Relva;CANTAR-GALO E VILA DO CARVALHO
1ª Travessa do Rossio;CASEGAS E OURONDO
2ª Travessa do Rossio;CASEGAS E OURONDO
Bairro das Escolas;CASEGAS E OURONDO
Bairro do Chão da Levada;CASEGAS E OURONDO
Beco da Escorregueira;CASEGAS E OURONDO
Beco dos Quintais;CASEGAS E OURONDO
Caminho Rural Casegas-Paul;CASEGAS E OURONDO
Estrada Municipal 511 Chão da Levada;CASEGAS E OURONDO
Largo de São Pedro;CASEGAS E OURONDO
Lugar de Lameiras;CASEGAS E OURONDO
Pátio da Amoreira;CASEGAS E OURONDO
Rua D'Além da Ponte;CASEGAS E OURONDO
Rua Direita;CASEGAS E OURONDO
Rua Monsenhor Joaquim Alves Brás;CASEGAS E OURONDO
Rua Quelha da Vinha;CASEGAS E OURONDO
Rua da Amoreira;CASEGAS E OURONDO
Rua da Bajanca;CASEGAS E OURONDO
Rua da Bocanheira;CASEGAS E OURONDO
Rua da Capela de São Sebastião;CASEGAS E OURONDO
Rua da Charamagueira;CASEGAS E OURONDO
Rua da Eira;CASEGAS E OURONDO
Rua da Escorregueira;CASEGAS E OURONDO
Rua da Fonte de Baixo;CASEGAS E OURONDO
Rua da Fonte de Cima;CASEGAS E OURONDO
Rua da Igreja;CASEGAS E OURONDO
Rua da Pereira;CASEGAS E OURONDO
Rua da Quelhinha;CASEGAS E OURONDO
Rua das Carvalhas;CASEGAS E OURONDO
Rua das Escolas;CASEGAS E OURONDO
Rua das Quelhas;CASEGAS E OURONDO
Rua de Santo António;CASEGAS E OURONDO
Rua do Adro;CASEGAS E OURONDO
Rua do Barrocão;CASEGAS E OURONDO
Rua do Caramoço;CASEGAS E OURONDO
Rua do Chão do Moinho;CASEGAS E OURONDO
Rua do Fernãobuque;CASEGAS E OURONDO
Rua do Forno;CASEGAS E OURONDO
Rua do Rossio;CASEGAS E OURONDO
Rua do Santuário Anjo da Guarda;CASEGAS E OURONDO
Rua do Vale Pereiro;CASEGAS E OURONDO
Rua do Vale das Figueiras;CASEGAS E OURONDO
Rua dos Depósitos de Água;CASEGAS E OURONDO
Rua dos Plomes;CASEGAS E OURONDO
Rua dos Quartos;CASEGAS E OURONDO
Travessa Chão do Moinho;CASEGAS E OURONDO
Travessa Nº 1 dos Plomes;CASEGAS E OURONDO
Travessa Nº 2 dos Plomes;CASEGAS E OURONDO
Travessa Nº 3 dos Plomes;CASEGAS E OURONDO
Travessa da Quelha da Vinha;CASEGAS E OURONDO
Travessa da Rua da Amoreira;CASEGAS E OURONDO
Travessa da Rua da Igreja;CASEGAS E OURONDO
Travessa da Rua de Santo António;CASEGAS E OURONDO
Travessa do Largo de São Pedro;CASEGAS E OURONDO
Avenida Viriato;CORTES DO MEIO
Beco Nº 1 à Rua da Carreira;CORTES DO MEIO
Beco Rua do Forno;CORTES DO MEIO
Beco da Rua do Pátio;CORTES DO MEIO
Canto Popular;CORTES DO MEIO
Canto da Calçada;CORTES DO MEIO
Canto das Flores;CORTES DO MEIO
Courelas;CORTES DO MEIO
Estrada Municipal 508;CORTES DO MEIO
Largo Nossa Senhora Carmo;CORTES DO MEIO
Largo Paz;CORTES DO MEIO
Largo Terreiro;CORTES DO MEIO
Praça Liberdade;CORTES DO MEIO
Rua Adro;CORTES DO MEIO
Rua Alto da Cerca;CORTES DO MEIO
Rua Cabecinho;CORTES DO MEIO
Rua Cabeço;CORTES DO MEIO
Rua Calvário;CORTES DO MEIO
Rua Calçada;CORTES DO MEIO
Rua Carreira;CORTES DO MEIO
Rua Casa do Santo;CORTES DO MEIO
Rua Castelo;CORTES DO MEIO
Rua Coreto;CORTES DO MEIO
Rua Cotovelo;CORTES DO MEIO
Rua Fonte;CORTES DO MEIO
Rua Fonte Baixo;CORTES DO MEIO
Rua Fonte Cimeira;CORTES DO MEIO
Rua Forno;CORTES DO MEIO
Rua Fundo Povo;CORTES DO MEIO
Rua Montes Hermínios;CORTES DO MEIO
Rua Portas do Sol;CORTES DO MEIO
Rua Ribeiro do Coelho;CORTES DO MEIO
Rua Santa Cruz;CORTES DO MEIO
Rua São Roque;CORTES DO MEIO
Rua Tapada Doutor António;CORTES DO MEIO
Rua da Lagariça;CORTES DO MEIO
Rua do Cascalhal;CORTES DO MEIO
Rua do Cemitério;CORTES DO MEIO
Rua do Poço da Monteira;CORTES DO MEIO
Sítio Tornadouro;CORTES DO MEIO
Travessa Adro;CORTES DO MEIO
Travessa Calvário;CORTES DO MEIO
Travessa Castelo;CORTES DO MEIO
Travessa Igreja;CORTES DO MEIO
Travessa Ribeiro do Coelho;CORTES DO MEIO
Travessa São Roque;CORTES DO MEIO
Travessa do Forno;CORTES DO MEIO
1ª Transversal Estrada do Campo de Aviação;COVILHÃ E CANHOSO
1ª Transversal à Rua da Amoreiras;COVILHÃ E CANHOSO
1ª Transversal à Rua do Rodrigo;COVILHÃ E CANHOSO
1ª Travessa da Rua Ribeira de Água Alta;COVILHÃ E CANHOSO
2ª Transversal Estrada do Campo de Aviação;COVILHÃ E CANHOSO
2ª Travessa da Rua Ribeira de Água Alta;COVILHÃ E CANHOSO
2ª Travessa à Rua Calva;COVILHÃ E CANHOSO
Alameda Pêro da Covilhã;COVILHÃ E CANHOSO
Alameda da Europa;COVILHÃ E CANHOSO
Alameda das Alfazemas;COVILHÃ E CANHOSO
Alameda das Bétulas;COVILHÃ E CANHOSO
Alameda do Rosmaninho;COVILHÃ E CANHOSO
Alameda dos Castanheiros;COVILHÃ E CANHOSO
Alameda dos Plátanos;COVILHÃ E CANHOSO
Alameda dos Teucrins;COVILHÃ E CANHOSO
Avenida 25 de Abril;COVILHÃ E CANHOSO
Avenida Anil;COVILHÃ E CANHOSO
Avenida Cidade Rio de Janeiro;COVILHÃ E CANHOSO
Avenida Felicidade;COVILHÃ E CANHOSO
Avenida Frei Heitor Pinto;COVILHÃ E CANHOSO
Avenida Infante Dom Henrique;COVILHÃ E CANHOSO
Avenida Santarém;COVILHÃ E CANHOSO
Avenida da República;COVILHÃ E CANHOSO
Avenida da Universidade;COVILHÃ E CANHOSO
Avenida dos Ulmeiros;COVILHÃ E CANHOSO
Bairro Doutor José Ranito Baltasar;COVILHÃ E CANHOSO
Bairro da Boavista;COVILHÃ E CANHOSO
Bairro de Nossa Senhora da Conceição;COVILHÃ E CANHOSO
Bairro do Alvito;COVILHÃ E CANHOSO
Beco Alegria;COVILHÃ E CANHOSO
Beco Castelo;COVILHÃ E CANHOSO
Beco Doutor Almeida Eusébio;COVILHÃ E CANHOSO
Beco Flores;COVILHÃ E CANHOSO
Beco Gameiro;COVILHÃ E CANHOSO
Beco Lages;COVILHÃ E CANHOSO
Beco Meio;COVILHÃ E CANHOSO
Beco Quebrada;COVILHÃ E CANHOSO
Beco Raimundo;COVILHÃ E CANHOSO
Beco Reis;COVILHÃ E CANHOSO
Beco Saco;COVILHÃ E CANHOSO
Beco Serrado;COVILHÃ E CANHOSO
Beco da Escola;COVILHÃ E CANHOSO
Beco da Estrela;COVILHÃ E CANHOSO
Beco da Quinta dos Negreiros;COVILHÃ E CANHOSO
Beco da Rua das Túlipas;COVILHÃ E CANHOSO
Beco da Urbanização da Boa Vista;COVILHÃ E CANHOSO
Beco das Giestas;COVILHÃ E CANHOSO
Beco do Forno;COVILHÃ E CANHOSO
Beco do Lameirão de Baixo;COVILHÃ E CANHOSO
Beco do Rodrigo;COVILHÃ E CANHOSO
Beco dos Melos;COVILHÃ E CANHOSO
Calçada Fonte do Lameiro;COVILHÃ E CANHOSO
Calçada Poldras;COVILHÃ E CANHOSO
Calçada Santa Cruz;COVILHÃ E CANHOSO
Calçada Santo André;COVILHÃ E CANHOSO
Calçada São Martinho;COVILHÃ E CANHOSO
Calçada São Silvestre;COVILHÃ E CANHOSO
Caminho Municipal 1005;COVILHÃ E CANHOSO
Caminho Quinta da Baiuca;COVILHÃ E CANHOSO
Caminho Quinta da Barreta;COVILHÃ E CANHOSO
Caminho Ribeiro de Flandres;COVILHÃ E CANHOSO
Caminho da Canada;COVILHÃ E CANHOSO
Caminho da Fonte Santa;COVILHÃ E CANHOSO
Caminho do Cabeço;COVILHÃ E CANHOSO
Caminho do Pedregal;COVILHÃ E CANHOSO
Caminho do Ribeiro;COVILHÃ E CANHOSO
Caminho dos Moinhos da Fábrica Velha;COVILHÃ E CANHOSO
Caminho dos Moinhos de Cima;COVILHÃ E CANHOSO
Canto Adro;COVILHÃ E CANHOSO
Canto Lopes;COVILHÃ E CANHOSO
Canto do Gato;COVILHÃ E CANHOSO
Canto do Grilo;COVILHÃ E CANHOSO
Chão da Ribeira;COVILHÃ E CANHOSO
Eixo T.C.T. Canhoso;COVILHÃ E CANHOSO
Escadas Boavista;COVILHÃ E CANHOSO
Escadas Castelo;COVILHÃ E CANHOSO
Escadas Pinho Manso;COVILHÃ E CANHOSO
Escadas Quebra Costas;COVILHÃ E CANHOSO
Escadas Santo André;COVILHÃ E CANHOSO
Escadas São Silvestre;COVILHÃ E CANHOSO
Escadas Trapa;COVILHÃ E CANHOSO
Escadas da Tapada;COVILHÃ E CANHOSO
Escadas do Calvário;COVILHÃ E CANHOSO
Escadas do Padre Pita;COVILHÃ E CANHOSO
Escadinhas da Felicidade;COVILHÃ E CANHOSO
Estendedouro da Tapada;COVILHÃ E CANHOSO
Estrada Campo de Jogos;COVILHÃ E CANHOSO
Estrada Fábrica Velha;COVILHÃ E CANHOSO
Estrada Municipal 339;COVILHÃ E CANHOSO
Estrada Nacional 18;COVILHÃ E CANHOSO
Estrada Nacional 230;COVILHÃ E CANHOSO
Estrada Publica Quinta do Prado;COVILHÃ E CANHOSO
Estrada Sineiro;COVILHÃ E CANHOSO
Estrada da Várzea;COVILHÃ E CANHOSO
Estrada de Santo António;COVILHÃ E CANHOSO
Estrada do Campo de Aviação;COVILHÃ E CANHOSO
Largo 5 de Outubro;COVILHÃ E CANHOSO
Largo Alegria;COVILHÃ E CANHOSO
Largo Canto;COVILHÃ E CANHOSO
Largo Centro Cívico;COVILHÃ E CANHOSO
Largo Cónego Joaquim Santos Morgadinho;COVILHÃ E CANHOSO
Largo Doutor Valério Morais;COVILHÃ E CANHOSO
Largo Eduardo Malta;COVILHÃ E CANHOSO
Largo Estação;COVILHÃ E CANHOSO
Largo Forças Armadas;COVILHÃ E CANHOSO
Largo Infantaria 21;COVILHÃ E CANHOSO
Largo Manoel Paes de Oliveira;COVILHÃ E CANHOSO
Largo Mário Antunes;COVILHÃ E CANHOSO
Largo Quebrada;COVILHÃ E CANHOSO
Largo Ramalha;COVILHÃ E CANHOSO
Largo Santa Marinha;COVILHÃ E CANHOSO
Largo Santo António;COVILHÃ E CANHOSO
Largo Senhora do Rosário;COVILHÃ E CANHOSO
Largo São Silvestre;COVILHÃ E CANHOSO
Largo da Capela;COVILHÃ E CANHOSO
Largo de Santa Maria;COVILHÃ E CANHOSO
Largo do Calvário;COVILHÃ E CANHOSO
Ponte do Rato;COVILHÃ E CANHOSO
Ponte dos Costas Rambolas;COVILHÃ E CANHOSO
Praceta Augusto Figueiredo;COVILHÃ E CANHOSO
Praceta Calva;COVILHÃ E CANHOSO
Praceta Conde José Calheiros;COVILHÃ E CANHOSO
Praceta Ribeiro de Flandres;COVILHÃ E CANHOSO
Praceta da Amoreira;COVILHÃ E CANHOSO
Praça Doutor Duarte Simões;COVILHÃ E CANHOSO
Praça Francisco Sá Carneiro;COVILHÃ E CANHOSO
Praça Município;COVILHÃ E CANHOSO
Praça Victória;COVILHÃ E CANHOSO
Páteo do Riscado;COVILHÃ E CANHOSO
Pátio da Ramalha;COVILHÃ E CANHOSO
Pátio do Castelo;COVILHÃ E CANHOSO
Quelha dos Negreiros;COVILHÃ E CANHOSO
Quinta José Oliveira;COVILHÃ E CANHOSO
Quinta Picharro;COVILHÃ E CANHOSO
Quinta da Nogueira;COVILHÃ E CANHOSO
Quinta da Olivosa;COVILHÃ E CANHOSO
Quinta da Serra;COVILHÃ E CANHOSO
Quinta da Várzea;COVILHÃ E CANHOSO
Quinta do Muro;COVILHÃ E CANHOSO
Quinta do Pinheiro;COVILHÃ E CANHOSO
Ramal Estação;COVILHÃ E CANHOSO
Ramal Estádio Santos Pinto;COVILHÃ E CANHOSO
Ramal São João de Malta;COVILHÃ E CANHOSO
Rampa do Campo das Festas;COVILHÃ E CANHOSO
Retiro Pacatos;COVILHÃ E CANHOSO
Retiro Poetas;COVILHÃ E CANHOSO
Rua 1º de Dezembro;COVILHÃ E CANHOSO
Rua 1º de Maio;COVILHÃ E CANHOSO
Rua 20 Junho;COVILHÃ E CANHOSO
Rua 20 de Outubro;COVILHÃ E CANHOSO
Rua 6 de Setembro;COVILHÃ E CANHOSO
Rua A;COVILHÃ E CANHOSO
Rua Afonso Domingues;COVILHÃ E CANHOSO
Rua Alexandre Herculano;COVILHÃ E CANHOSO
Rua Amoreira;COVILHÃ E CANHOSO
Rua António Aleixo;COVILHÃ E CANHOSO
Rua António Augusto de Aguiar;COVILHÃ E CANHOSO
Rua Arquiteto Manuel João Calais;COVILHÃ E CANHOSO
Rua Assunção;COVILHÃ E CANHOSO
Rua Azêdo Gneco;COVILHÃ E CANHOSO
Rua Baptista Leitão;COVILHÃ E CANHOSO
Rua Bombeiros Voluntários;COVILHÃ E CANHOSO
Rua C;COVILHÃ E CANHOSO
Rua Capitão Alves Roçadas;COVILHÃ E CANHOSO
Rua Capitão João D'Almeida;COVILHÃ E CANHOSO
Rua Celestino David;COVILHÃ E CANHOSO
Rua Centenário;COVILHÃ E CANHOSO
Rua Centro de Artes;COVILHÃ E CANHOSO
Rua Cidade de Cáceres;COVILHÃ E CANHOSO
Rua Cidade do Fundão;COVILHÃ E CANHOSO
Rua Comandante Sebastião Santos Julião;COVILHÃ E CANHOSO
Rua Comandante dos Bombeiros Sebastião s Júlio;COVILHÃ E CANHOSO
Rua Combatentes da Grande Guerra;COVILHÃ E CANHOSO
Rua Comendador Campos Melo;COVILHÃ E CANHOSO
Rua Comendador Gomes Correia;COVILHÃ E CANHOSO
Rua Comendador Joaquim Pessoa;COVILHÃ E CANHOSO
Rua Comendador Marcelino;COVILHÃ E CANHOSO
Rua Comendador Mendes Veiga;COVILHÃ E CANHOSO
Rua Comércio;COVILHÃ E CANHOSO
Rua Conde José Calheiros;COVILHÃ E CANHOSO
Rua Conde da Covilhã;COVILHÃ E CANHOSO
Rua Conde da Ericeira;COVILHÃ E CANHOSO
Rua Conselheiro António Pedroso Santos;COVILHÃ E CANHOSO
Rua Conselheiro Santos Viegas;COVILHÃ E CANHOSO
Rua Corredoura;COVILHÃ E CANHOSO
Rua Costa Camelo Pintor;COVILHÃ E CANHOSO
Rua Cotovelo;COVILHÃ E CANHOSO
Rua Cova da Beira;COVILHÃ E CANHOSO
Rua D;COVILHÃ E CANHOSO
Rua Data Center;COVILHÃ E CANHOSO
Rua Diamantino Alves da Costa;COVILHÃ E CANHOSO
Rua Dom Cristóvão de Castro;COVILHÃ E CANHOSO
Rua Dom José Valério da Cruz;COVILHÃ E CANHOSO
Rua Dom Nuno Álvares Pereira;COVILHÃ E CANHOSO
Rua Dom Sancho I;COVILHÃ E CANHOSO
Rua Dona Maria José Alçada;COVILHÃ E CANHOSO
Rua Doutor Alberto Rato;COVILHÃ E CANHOSO
Rua Doutor Almeida Eusébio;COVILHÃ E CANHOSO
Rua Doutor António Plácido da Costa;COVILHÃ E CANHOSO
Rua Doutor António Vaz Macedo;COVILHÃ E CANHOSO
Rua Doutor Guilherme Raposo de Moura;COVILHÃ E CANHOSO
Rua Doutor José Mendes Matos;COVILHÃ E CANHOSO
Rua Doutor José Q Calheiros A Carvalho;COVILHÃ E CANHOSO
Rua Doutor Júlio Maria Costa;COVILHÃ E CANHOSO
Rua Doutor Manuel Castro Martins;COVILHÃ E CANHOSO
Rua Doutor Oliveira Monteiro;COVILHÃ E CANHOSO
Rua E;COVILHÃ E CANHOSO
Rua Estendedouro Gigante;COVILHÃ E CANHOSO
Rua Estrela;COVILHÃ E CANHOSO
Rua F;COVILHÃ E CANHOSO
Rua Fernando Antunes;COVILHÃ E CANHOSO
Rua Fernando Henriques da Cruz;COVILHÃ E CANHOSO
Rua Fernão Penteado;COVILHÃ E CANHOSO
Rua Ferreira de Castro;COVILHÃ E CANHOSO
Rua Fonte das Galinhas;COVILHÃ E CANHOSO
Rua Fonte do Lameiro;COVILHÃ E CANHOSO
Rua Formosa;COVILHÃ E CANHOSO
Rua Formosura;COVILHÃ E CANHOSO
Rua Forno;COVILHÃ E CANHOSO
Rua Francisco Rodrigues Taborda;COVILHÃ E CANHOSO
Rua Francisco Silva Ranito;COVILHÃ E CANHOSO
Rua Fundação;COVILHÃ E CANHOSO
Rua G;COVILHÃ E CANHOSO
Rua General Humberto Delgado;COVILHÃ E CANHOSO
Rua Ginásio Clube;COVILHÃ E CANHOSO
Rua Gregório Baltazar;COVILHÃ E CANHOSO
Rua Gregório Geraldes;COVILHÃ E CANHOSO
Rua Grupo Desportivo da Mata;COVILHÃ E CANHOSO
Rua Grupo Recreativo Refugiense;COVILHÃ E CANHOSO
Rua Guilhermino Espinho;COVILHÃ E CANHOSO
Rua H;COVILHÃ E CANHOSO
Rua I;COVILHÃ E CANHOSO
Rua Independência;COVILHÃ E CANHOSO
Rua Irmãos Bonina;COVILHÃ E CANHOSO
Rua J;COVILHÃ E CANHOSO
Rua Jardim;COVILHÃ E CANHOSO
Rua Jardins do Rodrigo;COVILHÃ E CANHOSO
Rua Joaquim Pereira Espiga;COVILHÃ E CANHOSO
Rua Jornal Notícias da Covilhã;COVILHÃ E CANHOSO
Rua José Caetano Júnior;COVILHÃ E CANHOSO
Rua José Espiga;COVILHÃ E CANHOSO
Rua José Maria de Moura Barata Feio Terenas;COVILHÃ E CANHOSO
Rua José Ramalho;COVILHÃ E CANHOSO
Rua João Alves da Silva;COVILHÃ E CANHOSO
Rua João Batista Roseta;COVILHÃ E CANHOSO
Rua João Mendes Alçada de Paiva;COVILHÃ E CANHOSO
Rua João XXIII;COVILHÃ E CANHOSO
Rua L;COVILHÃ E CANHOSO
Rua Liberdade;COVILHÃ E CANHOSO
Rua M;COVILHÃ E CANHOSO
Rua Madalena;COVILHÃ E CANHOSO
Rua Mahatma Gandhi;COVILHÃ E CANHOSO
Rua Manuel Alçada Padez;COVILHÃ E CANHOSO
Rua Manuel Damasceno da Costa;COVILHÃ E CANHOSO
Rua Marquês de Pombal;COVILHÃ E CANHOSO
Rua Marquês de Ávila e Bolama;COVILHÃ E CANHOSO
Rua Mateus Fernandes;COVILHÃ E CANHOSO
Rua Meio;COVILHÃ E CANHOSO
Rua Miradouro do Rodrigo;COVILHÃ E CANHOSO
Rua Montes Hermínios;COVILHÃ E CANHOSO
Rua Morais do Convento;COVILHÃ E CANHOSO
Rua N;COVILHÃ E CANHOSO
Rua Namorados;COVILHÃ E CANHOSO
Rua Nogueira dos Frades;COVILHÃ E CANHOSO
Rua Norte;COVILHÃ E CANHOSO
Rua Nova;COVILHÃ E CANHOSO
Rua Nº 2;COVILHÃ E CANHOSO
Rua Olivença;COVILHÃ E CANHOSO
Rua Operário;COVILHÃ E CANHOSO
Rua Padre Américo;COVILHÃ E CANHOSO
Rua Padre Martinho;COVILHÃ E CANHOSO
Rua Padre Pita;COVILHÃ E CANHOSO
Rua Pedro Alves;COVILHÃ E CANHOSO
Rua Pedro Álvares Cabral;COVILHÃ E CANHOSO
Rua Peso da Lã;COVILHÃ E CANHOSO
Rua Pinhal do Gaiteiro;COVILHÃ E CANHOSO
Rua Pinho Manso;COVILHÃ E CANHOSO
Rua Pisão Novo;COVILHÃ E CANHOSO
Rua Portas do Sol;COVILHÃ E CANHOSO
Rua Primavera;COVILHÃ E CANHOSO
Rua Professor António Esteves Lopes;COVILHÃ E CANHOSO
Rua Quinta da Bendada;COVILHÃ E CANHOSO
Rua Quinta das Poldras;COVILHÃ E CANHOSO
Rua Quinta do Alvito;COVILHÃ E CANHOSO
Rua Quinta do Corges Pequeno;COVILHÃ E CANHOSO
Rua Quinta dos Dois Portos;COVILHÃ E CANHOSO
Rua Quinta dos Negreiros;COVILHÃ E CANHOSO
Rua Quintas da Calva;COVILHÃ E CANHOSO
Rua Raimundo;COVILHÃ E CANHOSO
Rua Ribeira de Água Alta;COVILHÃ E CANHOSO
Rua Ribeiro de Flandres;COVILHÃ E CANHOSO
Rua Rodrigo;COVILHÃ E CANHOSO
Rua Rosas;COVILHÃ E CANHOSO
Rua Ruy Faleiro;COVILHÃ E CANHOSO
Rua Santo António;COVILHÃ E CANHOSO
Rua Senhor da Paciência;COVILHÃ E CANHOSO
Rua São Bartolomeu;COVILHÃ E CANHOSO
Rua São Francisco Álvares;COVILHÃ E CANHOSO
Rua São José;COVILHÃ E CANHOSO
Rua São João de Deus;COVILHÃ E CANHOSO
Rua São Salvador;COVILHÃ E CANHOSO
Rua São Tiago;COVILHÃ E CANHOSO
Rua Tapada Doutor António;COVILHÃ E CANHOSO
Rua Vasco da Gama;COVILHÃ E CANHOSO
Rua Viriato;COVILHÃ E CANHOSO
Rua Visconde da Coriscada;COVILHÃ E CANHOSO
Rua Vitória de Santo António;COVILHÃ E CANHOSO
Rua Zeca Afonso;COVILHÃ E CANHOSO
Rua da Alegria;COVILHÃ E CANHOSO
Rua da Barbacan;COVILHÃ E CANHOSO
Rua da Calva;COVILHÃ E CANHOSO
Rua da Calçadinha;COVILHÃ E CANHOSO
Rua da Carreira de Tiro;COVILHÃ E CANHOSO
Rua da Grila;COVILHÃ E CANHOSO
Rua da Igreja;COVILHÃ E CANHOSO
Rua da Macaia;COVILHÃ E CANHOSO
Rua da Misericórdia;COVILHÃ E CANHOSO
Rua da Nave;COVILHÃ E CANHOSO
Rua da Olivosa;COVILHÃ E CANHOSO
Rua da Piscina;COVILHÃ E CANHOSO
Rua da Ramalha;COVILHÃ E CANHOSO
Rua da Saudade;COVILHÃ E CANHOSO
Rua da Tapada;COVILHÃ E CANHOSO
Rua da Torre;COVILHÃ E CANHOSO
Rua das Almas;COVILHÃ E CANHOSO
Rua das Amoreiras;COVILHÃ E CANHOSO
Rua das Camélias;COVILHÃ E CANHOSO
Rua das Escolas;COVILHÃ E CANHOSO
Rua das Figueiras;COVILHÃ E CANHOSO
Rua das Flores;COVILHÃ E CANHOSO
Rua das Lages;COVILHÃ E CANHOSO
Rua das Lagoas;COVILHÃ E CANHOSO
Rua das Laranjeiras;COVILHÃ E CANHOSO
Rua das Mimosas;COVILHÃ E CANHOSO
Rua das Oliveiras;COVILHÃ E CANHOSO
Rua das Pereiras;COVILHÃ E CANHOSO
Rua das Tílias;COVILHÃ E CANHOSO
Rua das Túlipas;COVILHÃ E CANHOSO
Rua de Acesso à Estação;COVILHÃ E CANHOSO
Rua de São Gregório;COVILHÃ E CANHOSO
Rua de São João;COVILHÃ E CANHOSO
Rua de São Pedro;COVILHÃ E CANHOSO
Rua de Timor;COVILHÃ E CANHOSO
Rua do Alecrim;COVILHÃ E CANHOSO
Rua do Bilhar;COVILHÃ E CANHOSO
Rua do Botoreu;COVILHÃ E CANHOSO
Rua do Castelo;COVILHÃ E CANHOSO
Rua do Clube Desportivo da Covilhã;COVILHÃ E CANHOSO
Rua do Estendedouro;COVILHÃ E CANHOSO
Rua do Lagoeiro;COVILHÃ E CANHOSO
Rua do Parque Duppigheim;COVILHÃ E CANHOSO
Rua do Pião;COVILHÃ E CANHOSO
Rua do Serrado;COVILHÃ E CANHOSO
Rua dos Abrunheiros;COVILHÃ E CANHOSO
Rua dos Bairro dos Penedos Altos;COVILHÃ E CANHOSO
Rua dos Carqueijais;COVILHÃ E CANHOSO
Rua dos Castanheiros;COVILHÃ E CANHOSO
Rua dos Cedros;COVILHÃ E CANHOSO
Rua dos Cântaros;COVILHÃ E CANHOSO
Rua dos Lirios;COVILHÃ E CANHOSO
Rua dos Melos;COVILHÃ E CANHOSO
Rua dos Motoristas;COVILHÃ E CANHOSO
Rua dos Pessegueiros;COVILHÃ E CANHOSO
Rua dos Pinheiros;COVILHÃ E CANHOSO
Rua dos Piornos;COVILHÃ E CANHOSO
Rua dos Plátanos;COVILHÃ E CANHOSO
Sítio Pinhal do Santo;COVILHÃ E CANHOSO
Sítio Ponte dos Costas;COVILHÃ E CANHOSO
Sítio da Rosa Negra;COVILHÃ E CANHOSO
Sítio das Sete Fontes;COVILHÃ E CANHOSO
Transversal Quinta do Alvito;COVILHÃ E CANHOSO
Transversal Rua da Grila;COVILHÃ E CANHOSO
Transversal da Alameda Pêro da Covilhã;COVILHÃ E CANHOSO
Transversal da Rua Morais do Convento;COVILHÃ E CANHOSO
Transversal da Rua Quinta das Poldras;COVILHÃ E CANHOSO
Transversal à Rua Centro de Artes;COVILHÃ E CANHOSO
Travessa Aeroclube da Covilhã;COVILHÃ E CANHOSO
Travessa Alegria;COVILHÃ E CANHOSO
Travessa Assunção;COVILHÃ E CANHOSO
Travessa Bica;COVILHÃ E CANHOSO
Travessa Compadres;COVILHÃ E CANHOSO
Travessa Cotovelo;COVILHÃ E CANHOSO
Travessa Cruzes;COVILHÃ E CANHOSO
Travessa Dona Filomena Anaquim;COVILHÃ E CANHOSO
Travessa Dona Joaquina;COVILHÃ E CANHOSO
Travessa Escola;COVILHÃ E CANHOSO
Travessa Escura;COVILHÃ E CANHOSO
Travessa Espongeiro;COVILHÃ E CANHOSO
Travessa Ferreiro;COVILHÃ E CANHOSO
Travessa Fonte Santa;COVILHÃ E CANHOSO
Travessa Fonte Velha;COVILHÃ E CANHOSO
Travessa Forno;COVILHÃ E CANHOSO
Travessa Gameiro;COVILHÃ E CANHOSO
Travessa Lopes;COVILHÃ E CANHOSO
Travessa Madalena;COVILHÃ E CANHOSO
Travessa Marquês de Pombal;COVILHÃ E CANHOSO
Travessa Namorados;COVILHÃ E CANHOSO
Travessa Peixe;COVILHÃ E CANHOSO
Travessa Pimentéis;COVILHÃ E CANHOSO
Travessa Postiguinho;COVILHÃ E CANHOSO
Travessa Quebrada;COVILHÃ E CANHOSO
Travessa Quinta das Poldras;COVILHÃ E CANHOSO
Travessa Quinta do Alvito;COVILHÃ E CANHOSO
Travessa Quinta do Reboleiral;COVILHÃ E CANHOSO
Travessa Raimundo;COVILHÃ E CANHOSO
Travessa Ramalha;COVILHÃ E CANHOSO
Travessa Ranito;COVILHÃ E CANHOSO
Travessa Ribeiro;COVILHÃ E CANHOSO
Travessa Ribeiro de Flandres;COVILHÃ E CANHOSO
Travessa Ripas;COVILHÃ E CANHOSO
Travessa Rodrigo;COVILHÃ E CANHOSO
Travessa Santa Marinha;COVILHÃ E CANHOSO
Travessa Santo Agostinho;COVILHÃ E CANHOSO
Travessa Santo António;COVILHÃ E CANHOSO
Travessa Senhor da Paciência;COVILHÃ E CANHOSO
Travessa Serrado;COVILHÃ E CANHOSO
Travessa Sineiro;COVILHÃ E CANHOSO
Travessa São Bartolomeu;COVILHÃ E CANHOSO
Travessa São Gregório;COVILHÃ E CANHOSO
Travessa São Sebastião;COVILHÃ E CANHOSO
Travessa São Silvestre;COVILHÃ E CANHOSO
Travessa São Tiago;COVILHÃ E CANHOSO
Travessa Tapada;COVILHÃ E CANHOSO
Travessa Tinte;COVILHÃ E CANHOSO
Travessa Trapa;COVILHÃ E CANHOSO
Travessa Varandado;COVILHÃ E CANHOSO
Travessa da Amoreira;COVILHÃ E CANHOSO
Travessa da Avenida Infante Dom Henrique;COVILHÃ E CANHOSO
Travessa da Boa Vista;COVILHÃ E CANHOSO
Travessa da Calva;COVILHÃ E CANHOSO
Travessa da Calçada Romana;COVILHÃ E CANHOSO
Travessa da Escadaria;COVILHÃ E CANHOSO
Travessa da Estrela;COVILHÃ E CANHOSO
Travessa da Quinta dos Negreiros;COVILHÃ E CANHOSO
Travessa da Quintinha;COVILHÃ E CANHOSO
Travessa da Rua da Olivosa;COVILHÃ E CANHOSO
Travessa da Rua do Forno do Refúgio;COVILHÃ E CANHOSO
Travessa da Saudade;COVILHÃ E CANHOSO
Travessa das Escolas;COVILHÃ E CANHOSO
Travessa das Quelhas;COVILHÃ E CANHOSO
Travessa de Santa Maria;COVILHÃ E CANHOSO
Travessa de São José;COVILHÃ E CANHOSO
Travessa de São João;COVILHÃ E CANHOSO
Travessa do Canto do Grilo;COVILHÃ E CANHOSO
Travessa do Canto do Lopes;COVILHÃ E CANHOSO
Travessa do Castelo;COVILHÃ E CANHOSO
Travessa do Cimo;COVILHÃ E CANHOSO
Travessa do Escondidinho;COVILHÃ E CANHOSO
Travessa do Estendedouro;COVILHÃ E CANHOSO
Travessa do Lagoeiro;COVILHÃ E CANHOSO
Travessa do Viriato;COVILHÃ E CANHOSO
Urbanização Quinta Várzea;COVILHÃ E CANHOSO
Urbanização Quinta da Arrepiada;COVILHÃ E CANHOSO
Urbanização Quinta da Comenda;COVILHÃ E CANHOSO
Urbanização Quinta das Rosas;COVILHÃ E CANHOSO
Urbanização Quinta do Polito;COVILHÃ E CANHOSO
Urbanização Ribeiro de Flandres;COVILHÃ E CANHOSO
Urbanização da Boa Vista;COVILHÃ E CANHOSO
Urbanização da Macaia;COVILHÃ E CANHOSO
Urbanização da Ponte Mártir-In-Colo;COVILHÃ E CANHOSO
Urbanização das Almas;COVILHÃ E CANHOSO
Urbanização do Polido;COVILHÃ E CANHOSO
Variante 18;COVILHÃ E CANHOSO
Viela Raimundo;COVILHÃ E CANHOSO
Vila Hermínia;COVILHÃ E CANHOSO
Avenida 1º de Maio;DOMINGUIZO
Avenida 2 de Novembro;DOMINGUIZO
Avenida Almirante Américo Tomaz;DOMINGUIZO
Avenida das Sesmarias;DOMINGUIZO
Beco Avenida;DOMINGUIZO
Beco Cimo do Povo;DOMINGUIZO
Beco da Avenida Almirante Américo Tomaz;DOMINGUIZO
Beco da Quintarola;DOMINGUIZO
Beco das Sesmarias;DOMINGUIZO
Beco do Casainho;DOMINGUIZO
Beco do Pinho Manso;DOMINGUIZO
Beco do Terreiro;DOMINGUIZO
Becos da Bica;DOMINGUIZO
Largo Laurita;DOMINGUIZO
Largo Poço Negro;DOMINGUIZO
Largo Silvestre Castelo Branco;DOMINGUIZO
Largo Terreiro;DOMINGUIZO
Largo da Amoreira;DOMINGUIZO
Quelha do Maria;DOMINGUIZO
Quelha do Terreiro;DOMINGUIZO
Rua Adro;DOMINGUIZO
Rua Alto do Casainho;DOMINGUIZO
Rua Bica;DOMINGUIZO
Rua Cabeço;DOMINGUIZO
Rua Campo da Bola;DOMINGUIZO
Rua Casaínho;DOMINGUIZO
Rua Chão da Fonte;DOMINGUIZO
Rua Cimo Povo;DOMINGUIZO
Rua Direita;DOMINGUIZO
Rua Eira Velha;DOMINGUIZO
Rua Eira do Jardim;DOMINGUIZO
Rua Fonte Velha;DOMINGUIZO
Rua José Reis;DOMINGUIZO
Rua Laurita;DOMINGUIZO
Rua Marmeleiro;DOMINGUIZO
Rua Nova da Pousada;DOMINGUIZO
Rua Nova do Cardal;DOMINGUIZO
Rua Paiã;DOMINGUIZO
Rua Pinho Manso;DOMINGUIZO
Rua Porto da Ladeira;DOMINGUIZO
Rua Ribeiro do Pinhal;DOMINGUIZO
Rua São Sebastião;DOMINGUIZO
Rua Vale Brochado;DOMINGUIZO
Rua Vale Castanheira;DOMINGUIZO
Rua Vale de Gens;DOMINGUIZO
Rua da Colónia;DOMINGUIZO
Rua da Escola;DOMINGUIZO
Rua da Escola Velha;DOMINGUIZO
Rua da Maceira;DOMINGUIZO
Rua da Pousada;DOMINGUIZO
Rua da Praia Fluvial;DOMINGUIZO
Rua do Cardal;DOMINGUIZO
Rua do Cemitério;DOMINGUIZO
Rua do Emigrante;DOMINGUIZO
Rua do Parque;DOMINGUIZO
Rua do Souto;DOMINGUIZO
Rua do Vale;DOMINGUIZO
Rua dos Depósitos;DOMINGUIZO
Travessa Cimo Povo;DOMINGUIZO
Travessa Fonte Velha;DOMINGUIZO
Travessa Laurita;DOMINGUIZO
Travessa Pinho Manso;DOMINGUIZO
Travessa da Amoreira;DOMINGUIZO
Travessa da Rua Direita;DOMINGUIZO
Travessa das Vinhas;DOMINGUIZO
Travessa do Barroco;DOMINGUIZO
Travessa do Cardal;DOMINGUIZO
Travessa do Ribeiro do Pinhal;DOMINGUIZO
Travessa do Terreiro;DOMINGUIZO
Bairro Meda;ERADA
Beco Rua Valada;ERADA
Beco São José;ERADA
Beco da Quelhinha;ERADA
Beco da Rua São Pedro;ERADA
Beco da Rua da Guadiana;ERADA
Beco da Rua da Praça;ERADA
Beco da Rua da Roseira;ERADA
Beco da Rua do Terreiro;ERADA
Estrada Municipal;ERADA
Estrada Municipal 510;ERADA
Largo Doutor José Ranito Baltazar;ERADA
Largo Igreja Velha;ERADA
Largo São Sebastião;ERADA
Largo Terreiro;ERADA
Quinta do Pisão;ERADA
Rua A;ERADA
Rua Aradinhas;ERADA
Rua B;ERADA
Rua C;ERADA
Rua Canto Redondo;ERADA
Rua Carreira;ERADA
Rua D;ERADA
Rua Doutor Francisco Almeida Garrett;ERADA
Rua E;ERADA
Rua Eira;ERADA
Rua Engenheiro Vicente da Costa Borges Terenas;ERADA
Rua Escola;ERADA
Rua F;ERADA
Rua Fonte Nova;ERADA
Rua Fonte da Dorna;ERADA
Rua Fundo Povo;ERADA
Rua G;ERADA
Rua Galvão;ERADA
Rua Jogo da Bola;ERADA
Rua Junta de Freguesia;ERADA
Rua Mina;ERADA
Rua Nova;ERADA
Rua Olival;ERADA
Rua Oliveiras;ERADA
Rua Pinhos Mansos;ERADA
Rua Portelinha;ERADA
Rua Praça;ERADA
Rua Roseira;ERADA
Rua Santo António;ERADA
Rua Senhora dos Milagres;ERADA
Rua São José;ERADA
Rua São Pedro;ERADA
Rua São Sebastião;ERADA
Rua Terreiro;ERADA
Rua Valada;ERADA
Rua Vinha;ERADA
Rua da Almoinha;ERADA
Rua da Estrada;ERADA
Rua da Guadiana;ERADA
Rua do Talho;ERADA
Travessa Aradinhas;ERADA
Travessa Fundo Povo;ERADA
Travessa Jogo da Bola;ERADA
Travessa Senhora dos Milagres;ERADA
Travessa São Sebastião;ERADA
Travessa Valada;ERADA
Travessa Vinha;ERADA
Travessa da Almoinha;ERADA
Travessa da Roseira;ERADA
Travessa da Rua da Mina;ERADA
Travessa da Rua de Santo António;ERADA
Travessa da Rua do Terreiro;ERADA
Travessa das Hortas do Rego;ERADA
Travessa das Oliveiras;ERADA
Avenida Dona Laura Monteiro Maricoto;FERRO
Beco da Barronceira;FERRO
Beco da Igreja;FERRO
Beco das Quintãs;FERRO
Beco do Adro;FERRO
Beco do Cortinhal;FERRO
Beco do Outeiro;FERRO
Beco do Saco;FERRO
Caminho Municipal 1026;FERRO
Caminho Municipal 1036;FERRO
Estrada Municipal 506 Álvares;FERRO
Estrada Municipal 506-1;FERRO
Estrada Nacional 18;FERRO
Largo Monte Serrano;FERRO
Praceta do Ganhão;FERRO
Praça 21 de Junho;FERRO
Rua 25 de Abril;FERRO
Rua Campo de Futebol;FERRO
Rua Casal Catanas;FERRO
Rua Coração de Maria;FERRO
Rua Dona Zeca Gonçalves;FERRO
Rua Doutor Carlos Coelho;FERRO
Rua Doutor Duarte Simões;FERRO
Rua Doutor José Proença;FERRO
Rua Doutor Oliveira Dias;FERRO
Rua Família Gonçalves;FERRO
Rua José Proença Fazenda;FERRO
Rua Luís de Sousa Rodrigues;FERRO
Rua Mártir São Sebastião;FERRO
Rua Poço Frio;FERRO
Rua Quinta da Raposa;FERRO
Rua Quinta de Madeira;FERRO
Rua Quinta do Freixo;FERRO
Rua Ribeiro de Moinho;FERRO
Rua Rota do Zezere;FERRO
Rua da Avessada;FERRO
Rua da Barroca Funda;FERRO
Rua da Barronceira;FERRO
Rua da Cancela;FERRO
Rua da Castanheira;FERRO
Rua da Estalagem;FERRO
Rua da Fonte Nova;FERRO
Rua da Horta Solar;FERRO
Rua da Igreja;FERRO
Rua da Pontinha;FERRO
Rua da Portela;FERRO
Rua da Quinta Nova;FERRO
Rua da Quinta das Rasas;FERRO
Rua das Amoras;FERRO
Rua das Eiras;FERRO
Rua das Estufas;FERRO
Rua das Flores;FERRO
Rua das Oliveiras;FERRO
Rua das Quintãs;FERRO
Rua das Sepulturas Romanas;FERRO
Rua do Alto da Charneca;FERRO
Rua do Amieiro Longo;FERRO
Rua do Bairro da Cruz;FERRO
Rua do Cabreiro;FERRO
Rua do Cerejal;FERRO
Rua do Chafariz Novo;FERRO
Rua do Cilindro;FERRO
Rua do Cortinhal;FERRO
Rua do Desbucho;FERRO
Rua do Espírito Santo;FERRO
Rua do Freixo;FERRO
Rua do Lameirão;FERRO
Rua do Meio;FERRO
Rua do Monte Serrano;FERRO
Rua do Outeiro;FERRO
Rua do Rossio;FERRO
Rua do Serrado;FERRO
Rua do Sol;FERRO
Rua dos Casais;FERRO
Rua dos Soutos;FERRO
Travessa da Cancela;FERRO
Travessa da Cruz;FERRO
Travessa da Estalagem;FERRO
Travessa da Fonte Nova;FERRO
Travessa da Praça;FERRO
Travessa das Quintãs;FERRO
Travessa do Espírito Santo;FERRO
Travessa do Lameirão;FERRO
Travessa do Outeiro;FERRO
Travessa do Rebolal;FERRO
Travessa do Rossio;FERRO
Travessa dos Casais;FERRO
Avenida Padre José dos Santos Serra;ORJAIS
Avenida da Igreja;ORJAIS
Bairro Moinhelos;ORJAIS
Bairro da Cerdeira;ORJAIS
Bairro do Brejo;ORJAIS
Caminho Barroca da Eireira;ORJAIS
Caminho Cabeço Queimado;ORJAIS
Caminho Jamures;ORJAIS
Caminho Senhora das Luzes;ORJAIS
Caminho Souto Redondo;ORJAIS
Caminho Souto São Pedro;ORJAIS
Caminho Vale Lourenço;ORJAIS
Caminho da Cabeça Gorda;ORJAIS
Caminho da Quinta da Carroça;ORJAIS
Caminho da Senhora das Cabeças;ORJAIS
Caminho das Hortas;ORJAIS
Caminho do Cabeço das Vinhas;ORJAIS
Caminho do Chão Grande;ORJAIS
Caminho dos Reboleiros;ORJAIS
Estrada Nacional 18 Orjais;ORJAIS
Estrada Nacional 18 Quintas de Orjais;ORJAIS
Estrada Velha;ORJAIS
Largo Fonte de Cima;ORJAIS
Largo da Amoreira;ORJAIS
Largo da Igreja;ORJAIS
Quelha Fonte da Prata;ORJAIS
Rua António Lopes Mateus Silva;ORJAIS
Rua Direita;ORJAIS
Rua Doutor Malaca Casteleiro;ORJAIS
Rua Fonte Velha;ORJAIS
Rua Fonte de Cima;ORJAIS
Rua Fonte de Prata;ORJAIS
Rua da Barquinha;ORJAIS
Rua da Cerdeira;ORJAIS
Rua da Cruz;ORJAIS
Rua das Lages;ORJAIS
Rua das Quintas da Gravancinha;ORJAIS
Rua do Casarão;ORJAIS
Rua do Outeiro;ORJAIS
Rua do Quebra Costas;ORJAIS
Rua do Regatinho;ORJAIS
Rua do Vale Lourenço;ORJAIS
Rua dos Polames;ORJAIS
Sitio Chão Novo;ORJAIS
Sítio da Borralheira;ORJAIS
Travessa Barroca da Eireira;ORJAIS
Travessa da Cancelinha;ORJAIS
Travessa da Fonte Velha;ORJAIS
Travessa da Fonte de Cima;ORJAIS
Travessa da Fonte de Prata;ORJAIS
Travessa da Rua do Casarão;ORJAIS
Travessa das Lages;ORJAIS
Travessa das Quintas da Gravancinha;ORJAIS
Travessa de Jamures;ORJAIS
Travessa do Outeiro;ORJAIS
Travessa do Quebra Costas;ORJAIS
2ª Travessa das Malhadas;PAUL
2ª Travessa à Rua Fundo do Povo;PAUL
3ª Travessa das Malhadas;PAUL
Avenida Padre José Santiago;PAUL
Beco das Lages;PAUL
Beco dos Olivais;PAUL
Canto Carvalho;PAUL
Canto de Cima;PAUL
Canto do Chão Redondo;PAUL
Canto dos Cachopos;PAUL
Canto dos Prados;PAUL
Estrada Municipal 510;PAUL
Estrada Municipal 512;PAUL
Estrada Nacional 343-1 Ameixoeira;PAUL
Estrada Nacional 343-1 Granjeira;PAUL
Estrada Nacional 343-1 Pedra da Sola;PAUL
Estrada Nacional 343-1 Ribeira da Goia;PAUL
Estrada Nacional 343-1 Taliscas;PAUL
Estrada do Santuário;PAUL
Granjeira;PAUL
Largo Conde Refúgio;PAUL
Largo Espírito Santo;PAUL
Largo Professor Luís Fonseca;PAUL
Largo da Fonte do Conselho;PAUL
Largo da Quelhinha;PAUL
Largo do Curral;PAUL
Largo do Mercado;PAUL
Rua 1º de Maio;PAUL
Rua 25 de Abril;PAUL
Rua 8 de Janeiro;PAUL
Rua Associação Paúl Cultural Desportivo;PAUL
Rua Barroquinha;PAUL
Rua Caminho das Carvalhas;PAUL
Rua Campo de Futebol;PAUL
Rua Carreira;PAUL
Rua Chão Canto;PAUL
Rua Chão Redondo;PAUL
Rua Chão do Forno;PAUL
Rua Cimo Eira;PAUL
Rua Cimo do Lugar;PAUL
Rua Curral;PAUL
Rua Doutor José Carvalho;PAUL
Rua Eira;PAUL
Rua Eira Velha;PAUL
Rua Espírito Santo;PAUL
Rua Fonte do Conselho;PAUL
Rua Fontinha;PAUL
Rua Fundo da Várzea;PAUL
Rua Fundo do Povo;PAUL
Rua Igreja;PAUL
Rua Jacinto Fontainhas;PAUL
Rua José Marmelo Silva;PAUL
Rua Lameira;PAUL
Rua Lameiro da Fonte;PAUL
Rua Laranjal;PAUL
Rua Malhadas;PAUL
Rua Nova;PAUL
Rua Nova da Ribeira;PAUL
Rua Olivais;PAUL
Rua Pinha;PAUL
Rua Pisão;PAUL
Rua Ponte;PAUL
Rua Quebra Costas;PAUL
Rua Quelhinha;PAUL
Rua Ramila;PAUL
Rua Ribeiro Fojo;PAUL
Rua Souto Serra;PAUL
Rua Souto da Capela;PAUL
Rua Sumagral;PAUL
Rua Vale;PAUL
Rua Vale Moinho;PAUL
Rua da Cava;PAUL
Rua da Eira dos Pereiras;PAUL
Rua da Lavandeira;PAUL
Rua da Marinheira;PAUL
Rua da Praça;PAUL
Rua da Reboleira;PAUL
Rua das Flores;PAUL
Rua das Lages;PAUL
Rua das Oliveirinhas;PAUL
Rua das Quelhas;PAUL
Rua de Cima;PAUL
Rua do Chão Grande Á Cava;PAUL
Rua do Jogo da Bola;PAUL
Rua do Lameirão;PAUL
Rua do Mercado;PAUL
Rua do Olival;PAUL
Rua dos Poços;PAUL
Rua dos Santuário;PAUL
Travessa Doutor José Carvalho;PAUL
Travessa Fundo Povo;PAUL
Travessa Jacinto Fontainhas;PAUL
Travessa Lameira;PAUL
Travessa Pisão;PAUL
Travessa Ramila;PAUL
Travessa Ribeiro Fojo;PAUL
Travessa da Marinheira;PAUL
Travessa da Quelhinha;PAUL
Travessa da Reboleirada;PAUL
Travessa da Rua de Cima;PAUL
Travessa das Flores;PAUL
Travessa das Malhadas;PAUL
Travessa das Quelhas;PAUL
Travessa do Chão Redondo;PAUL
Travessa do Espírito Santo;PAUL
Travessa do Jogo da Bola;PAUL
Travessa do Lameirão;PAUL
Travessa do Mercado;PAUL
Travessa do Moinho do Pisão;PAUL
Travessa dos Prados;PAUL
Urbanização do Serrado;PAUL
Bairro Abelheira;PERABOA
Estrada Municipal 506;PERABOA
Estrada Municipal 506 - Variante a Peraboa;PERABOA
Estrada Nacional 345;PERABOA
Largo da Praça;PERABOA
Largo das Escolas;PERABOA
Largo de São Sebastião;PERABOA
Largo do Sítio da Abelheira;PERABOA
Largo dos Chões;PERABOA
Rua 5 de Outubro;PERABOA
Rua Campo da Bola;PERABOA
Rua Direita;PERABOA
Rua Lameira do Junco;PERABOA
Rua Quinta da Dominga Loba;PERABOA
Rua Quinta do Alçada;PERABOA
Rua Quintas da Serra;PERABOA
Rua da Abelheira;PERABOA
Rua da Achadinha;PERABOA
Rua da Barronceira;PERABOA
Rua da Corga;PERABOA
Rua da Família Lobo Vasconcelos;PERABOA
Rua da Fonte Velha;PERABOA
Rua da Igreja;PERABOA
Rua da Lage da Torre;PERABOA
Rua da Lameira;PERABOA
Rua da Pontinha;PERABOA
Rua da Portela;PERABOA
Rua da Tapada;PERABOA
Rua da Tapadinha;PERABOA
Rua das Almas;PERABOA
Rua de São Marcos;PERABOA
Rua do Brejo;PERABOA
Rua do Espírito Santo;PERABOA
Rua do Jardim;PERABOA
Rua do Major;PERABOA
Rua do Mineral;PERABOA
Rua do Passadiço;PERABOA
Rua do Pecalvo;PERABOA
Rua do Serrado;PERABOA
Rua do Vale;PERABOA
Rua dos Casaínhos;PERABOA
Rua dos Laijões;PERABOA
Rua dos Salgueirinhos;PERABOA
Travessa Jogo da Bola;PERABOA
Travessa Sítio da Praça;PERABOA
Travessa Tapada da Lage;PERABOA
Travessa da Lameira;PERABOA
Travessa do Brejo;PERABOA
Travessa do Forno;PERABOA
Travessa dos Chões;PERABOA
Avenida Furriel Miliciano Aníbal José Pereira Casteleiro;PESO E VALES DO RIO
Beco Nº 1 da Rua do Outeiro;PESO E VALES DO RIO
Beco Nº 2 da Rua do Outeiro;PESO E VALES DO RIO
Caminho Grande Rota do Zêzere 33;PESO E VALES DO RIO
Escadas da Ladeira;PESO E VALES DO RIO
Estrada Municipal 513 Cruzinha;PESO E VALES DO RIO
Estrada Municipal 513 Peso;PESO E VALES DO RIO
Largo 25 de Abril;PESO E VALES DO RIO
Largo Engenheiro Bouceiro Mendes;PESO E VALES DO RIO
Largo Santa Maria Madalena;PESO E VALES DO RIO
Largo Senhor dos Passos;PESO E VALES DO RIO
Largo de Santo António;PESO E VALES DO RIO
Quelha do Rio;PESO E VALES DO RIO
Quinta da Panasqueira;PESO E VALES DO RIO
Quinta do Penedo;PESO E VALES DO RIO
Rua Barroca do Bicho;PESO E VALES DO RIO
Rua Campo da Bola;PESO E VALES DO RIO
Rua Direita;PESO E VALES DO RIO
Rua João Bernardo da Cunha Matos;PESO E VALES DO RIO
Rua Nossa Senhora de La Salette;PESO E VALES DO RIO
Rua Rego da Feiteira;PESO E VALES DO RIO
Rua Ribeiro da Horta;PESO E VALES DO RIO
Rua Santa Maria Madalena;PESO E VALES DO RIO
Rua Santo António;PESO E VALES DO RIO
Rua Sargento José Paulo dos Santos;PESO E VALES DO RIO
Rua Soldado Manuel Alfredo Aleixo;PESO E VALES DO RIO
Rua da Barreira;PESO E VALES DO RIO
Rua da Barroca;PESO E VALES DO RIO
Rua da Canada;PESO E VALES DO RIO
Rua da Eira;PESO E VALES DO RIO
Rua da Ladeira;PESO E VALES DO RIO
Rua da Marcela;PESO E VALES DO RIO
Rua da Pedra Seixinha;PESO E VALES DO RIO
Rua da Tapada;PESO E VALES DO RIO
Rua das Feiteiras;PESO E VALES DO RIO
Rua do Bardinho;PESO E VALES DO RIO
Rua do Barroco;PESO E VALES DO RIO
Rua do Jogo da Bola;PESO E VALES DO RIO
Rua do Outeiro;PESO E VALES DO RIO
Rua do Ribeiro da Fonte;PESO E VALES DO RIO
Rua do Serrado;PESO E VALES DO RIO
Rua do Verde;PESO E VALES DO RIO
Rua dos Barros;PESO E VALES DO RIO
Rua dos Valinhos;PESO E VALES DO RIO
Travessa Furriel Miliciano Aníbal J P Casteleiro;PESO E VALES DO RIO
Travessa Jogo da Bola;PESO E VALES DO RIO
Travessa Santa Maria Madalena;PESO E VALES DO RIO
Travessa Sargento José Paulo dos Santos;PESO E VALES DO RIO
Travessa Senhor dos Passos;PESO E VALES DO RIO
Travessa da Ladeira;PESO E VALES DO RIO
Travessa da Rua Direita;PESO E VALES DO RIO
Travessa da Seixinha;PESO E VALES DO RIO
Beco do Cabecinho;SOBRAL DE SÃO MIGUEL
Cantinho das Vinhas;SOBRAL DE SÃO MIGUEL
Escadaria Padre Jaime Pinto Pereira;SOBRAL DE SÃO MIGUEL
Escadaria das Vinhas;SOBRAL DE SÃO MIGUEL
Escadaria dos Sobreiros;SOBRAL DE SÃO MIGUEL
Estrada Municipal 511;SOBRAL DE SÃO MIGUEL
Estrada Municipal 512;SOBRAL DE SÃO MIGUEL
Largo do Cabecinho;SOBRAL DE SÃO MIGUEL
Quelha do Fundo do Lugar;SOBRAL DE SÃO MIGUEL
Quelha do Vale;SOBRAL DE SÃO MIGUEL
Rua Campo da Bola;SOBRAL DE SÃO MIGUEL
Rua Foz da Portela;SOBRAL DE SÃO MIGUEL
Rua Padre Jaime Pinto Pereira;SOBRAL DE SÃO MIGUEL
Rua da Calçada;SOBRAL DE SÃO MIGUEL
Rua da Capela;SOBRAL DE SÃO MIGUEL
Rua da Carrasqueira;SOBRAL DE SÃO MIGUEL
Rua da Eira;SOBRAL DE SÃO MIGUEL
Rua da Escadaria;SOBRAL DE SÃO MIGUEL
Rua da Fonte;SOBRAL DE SÃO MIGUEL
Rua da Lage;SOBRAL DE SÃO MIGUEL
Rua da Ponte;SOBRAL DE SÃO MIGUEL
Rua da Portela;SOBRAL DE SÃO MIGUEL
Rua da Presa;SOBRAL DE SÃO MIGUEL
Rua das Ladeiras;SOBRAL DE SÃO MIGUEL
Rua das Vinhas;SOBRAL DE SÃO MIGUEL
Rua de Valtorno;SOBRAL DE SÃO MIGUEL
Rua do Adro;SOBRAL DE SÃO MIGUEL
Rua do Barreiro;SOBRAL DE SÃO MIGUEL
Rua do Cabecinho de Baixo;SOBRAL DE SÃO MIGUEL
Rua do Cabecinho de Cima;SOBRAL DE SÃO MIGUEL
Rua do Caratão;SOBRAL DE SÃO MIGUEL
Rua do Fundo do Lugar;SOBRAL DE SÃO MIGUEL
Rua do Outeiro;SOBRAL DE SÃO MIGUEL
Rua do Ribeirinho;SOBRAL DE SÃO MIGUEL
Rua do Ribeiro Coelho;SOBRAL DE SÃO MIGUEL
Rua do Vale;SOBRAL DE SÃO MIGUEL
Rua dos Sobreiros;SOBRAL DE SÃO MIGUEL
Rua dos Torgais;SOBRAL DE SÃO MIGUEL
Travessa Cabecinho de Cima;SOBRAL DE SÃO MIGUEL
Travessa Fundo do Lugar;SOBRAL DE SÃO MIGUEL
Travessa da Carrasqueira;SOBRAL DE SÃO MIGUEL
Travessa da Horta;SOBRAL DE SÃO MIGUEL
Travessa da Igreja;SOBRAL DE SÃO MIGUEL
Travessa da Ponte;SOBRAL DE SÃO MIGUEL
Travessa da Portela;SOBRAL DE SÃO MIGUEL
Travessa das Vinhas;SOBRAL DE SÃO MIGUEL
Travessa de Valtorno;SOBRAL DE SÃO MIGUEL
Travessa do Adro;SOBRAL DE SÃO MIGUEL
Travessa do Barreiro;SOBRAL DE SÃO MIGUEL
Travessa do Forno da Bica;SOBRAL DE SÃO MIGUEL
Travessa do Vale da Cavada;SOBRAL DE SÃO MIGUEL
Travessa dos Sobreiros;SOBRAL DE SÃO MIGUEL
Bairro do Pombal;SÃO JORGE DA BEIRA
Escadaria Alfredo Tomaz;SÃO JORGE DA BEIRA
Escadaria da Rua do Porto N. 2;SÃO JORGE DA BEIRA
Escadaria da Rua do Porto N.º 1;SÃO JORGE DA BEIRA
Escadaria de Nossa Senhora de Fátima;SÃO JORGE DA BEIRA
Escadinhas 1º de Maio;SÃO JORGE DA BEIRA
Estrada Municipal 512;SÃO JORGE DA BEIRA
Largo da Eira;SÃO JORGE DA BEIRA
Largo de Nossa Senhora de Fátima;SÃO JORGE DA BEIRA
Largo de São Jorge;SÃO JORGE DA BEIRA
Largo do Quintal;SÃO JORGE DA BEIRA
Largo do Terreiro;SÃO JORGE DA BEIRA
Rua Bairro dos Torgais;SÃO JORGE DA BEIRA
Rua Direita;SÃO JORGE DA BEIRA
Rua Direita do Pombal;SÃO JORGE DA BEIRA
Rua Nossa Senhora de Fátima;SÃO JORGE DA BEIRA
Rua Nova da Igreja;SÃO JORGE DA BEIRA
Rua da Abeceira;SÃO JORGE DA BEIRA
Rua da Costa;SÃO JORGE DA BEIRA
Rua da Estrada Municipal 512;SÃO JORGE DA BEIRA
Rua da Fonte;SÃO JORGE DA BEIRA
Rua da Igreja;SÃO JORGE DA BEIRA
Rua da Ponte;SÃO JORGE DA BEIRA
Rua da Ponte Velha;SÃO JORGE DA BEIRA
Rua da Tapada;SÃO JORGE DA BEIRA
Rua das Escolas;SÃO JORGE DA BEIRA
Rua do Cascalhal;SÃO JORGE DA BEIRA
Rua do Cemitério;SÃO JORGE DA BEIRA
Rua do Corredouro;SÃO JORGE DA BEIRA
Rua do Forno;SÃO JORGE DA BEIRA
Rua do Forno do Bairro dos Torgais;SÃO JORGE DA BEIRA
Rua do Porto;SÃO JORGE DA BEIRA
Rua do Quebra Costas;SÃO JORGE DA BEIRA
Rua do Ribeiro Souto;SÃO JORGE DA BEIRA
Rua do Tornadouro;SÃO JORGE DA BEIRA
Rua dos Cabecinhos;SÃO JORGE DA BEIRA
Rua dos Castanheiros;SÃO JORGE DA BEIRA
Rua dos Linheiros;SÃO JORGE DA BEIRA
Travessa Bairro dos Torgais N.º 1;SÃO JORGE DA BEIRA
Travessa Bairro dos Torgais N.º 2;SÃO JORGE DA BEIRA
Travessa Bairro dos Torgais N.º 3;SÃO JORGE DA BEIRA
Travessa da Amoreira;SÃO JORGE DA BEIRA
Travessa da Eira Nº 1;SÃO JORGE DA BEIRA
Travessa da Eira Nº 2;SÃO JORGE DA BEIRA
Travessa da Eira Nº 3;SÃO JORGE DA BEIRA
Travessa da Fonte;SÃO JORGE DA BEIRA
Travessa da Igreja;SÃO JORGE DA BEIRA
Travessa da Rua Direita;SÃO JORGE DA BEIRA
Travessa da Rua da Ponte Velha;SÃO JORGE DA BEIRA
Travessa do Largo de São Jorge;SÃO JORGE DA BEIRA
Travessa do Quebra Costas;SÃO JORGE DA BEIRA
1ª Transversal Direita da Rua da Palmeira;TEIXOSO E SARZEDO
1ª Transversal da Rua do Pisco;TEIXOSO E SARZEDO
2ª Transversal à Rua da Amoreiras;TEIXOSO E SARZEDO
3ª Transversal à Rua da Amoreiras;TEIXOSO E SARZEDO
Alameda das Abélias;TEIXOSO E SARZEDO
Alameda das Escalónias;TEIXOSO E SARZEDO
Alameda das Piracantas;TEIXOSO E SARZEDO
Alameda das Tílias;TEIXOSO E SARZEDO
Avenida 25 de Abril;TEIXOSO E SARZEDO
Avenida 8 de Março;TEIXOSO E SARZEDO
Avenida Cidade da Covilhã;TEIXOSO E SARZEDO
Avenida Doutor Alberto da Costa Teixeira;TEIXOSO E SARZEDO
Avenida Maia Campos;TEIXOSO E SARZEDO
Avenida das Oliveiras;TEIXOSO E SARZEDO
Avenida de São Salvador;TEIXOSO E SARZEDO
Beco Fonte do Lagarto;TEIXOSO E SARZEDO
Beco das Oliveiras;TEIXOSO E SARZEDO
Beco do Canto;TEIXOSO E SARZEDO
Beco do Norte;TEIXOSO E SARZEDO
Caminho Ribeiro de Finados;TEIXOSO E SARZEDO
Caminho Ribeiro de Poulos;TEIXOSO E SARZEDO
Caminho da Quinta da Presa;TEIXOSO E SARZEDO
Caminho da Várzea;TEIXOSO E SARZEDO
Caminho de Santa Iria;TEIXOSO E SARZEDO
Caminho de São Geão;TEIXOSO E SARZEDO
Caminho de São Sebastião;TEIXOSO E SARZEDO
Caminho do Ameal;TEIXOSO E SARZEDO
Caminho do Fragusto;TEIXOSO E SARZEDO
Estrada Municipal 501;TEIXOSO E SARZEDO
Estrada Nacional 18;TEIXOSO E SARZEDO
Estrada Nacional 18-3;TEIXOSO E SARZEDO
Estrada do Baleizão;TEIXOSO E SARZEDO
Ladeira do Pisco;TEIXOSO E SARZEDO
Largo Manuel Proença;TEIXOSO E SARZEDO
Largo Moitinhas;TEIXOSO E SARZEDO
Largo da Oliveirinha;TEIXOSO E SARZEDO
Largo da Praça;TEIXOSO E SARZEDO
Largo de Santo Amaro;TEIXOSO E SARZEDO
Largo de Santo António;TEIXOSO E SARZEDO
Pinhal dos Santas;TEIXOSO E SARZEDO
Praça de Portugal;TEIXOSO E SARZEDO
Pátio da Fonte;TEIXOSO E SARZEDO
Pátio dos Pessegueiros;TEIXOSO E SARZEDO
Rua 1º de Dezembro;TEIXOSO E SARZEDO
Rua 5 de Outubro;TEIXOSO E SARZEDO
Rua Acesso à Variante;TEIXOSO E SARZEDO
Rua António Pina Calado;TEIXOSO E SARZEDO
Rua Artur Oliveira Cardoso;TEIXOSO E SARZEDO
Rua Campo da Bola;TEIXOSO E SARZEDO
Rua Canto da Cantina;TEIXOSO E SARZEDO
Rua Canto das Escolas;TEIXOSO E SARZEDO
Rua Canto do Saco;TEIXOSO E SARZEDO
Rua Capitães de Abril;TEIXOSO E SARZEDO
Rua Capitão Monteiro;TEIXOSO E SARZEDO
Rua Conselheiro Pina Calado;TEIXOSO E SARZEDO
Rua Cruz de Cabeça;TEIXOSO E SARZEDO
Rua Cruz de São Marcos;TEIXOSO E SARZEDO
Rua Doutor António Oliveira e Filho;TEIXOSO E SARZEDO
Rua Doutor Carlos Coelho;TEIXOSO E SARZEDO
Rua Doutor Francisco Garrett;TEIXOSO E SARZEDO
Rua Doutor Joaquim Pereira Macedo;TEIXOSO E SARZEDO
Rua Fonte do Fundo;TEIXOSO E SARZEDO
Rua Gago Coutinho;TEIXOSO E SARZEDO
Rua General Carmona;TEIXOSO E SARZEDO
Rua João de Deus;TEIXOSO E SARZEDO
Rua Luís do Vale;TEIXOSO E SARZEDO
Rua Nossa Senhora de Fátima;TEIXOSO E SARZEDO
Rua Nun' Álvares;TEIXOSO E SARZEDO
Rua Palmeira;TEIXOSO E SARZEDO
Rua Ponte Pedrinha;TEIXOSO E SARZEDO
Rua Professor Horácio das Neves;TEIXOSO E SARZEDO
Rua Professor José Costa Vaz;TEIXOSO E SARZEDO
Rua Professora Filomena Alves Ribeiro;TEIXOSO E SARZEDO
Rua Professora Rosa Maria Vale Serra A Dias;TEIXOSO E SARZEDO
Rua Quinta da Carqueja;TEIXOSO E SARZEDO
Rua Sacadura Cabral;TEIXOSO E SARZEDO
Rua Senhora do Carmo;TEIXOSO E SARZEDO
Rua Senhora dos Verdes;TEIXOSO E SARZEDO
Rua São Marcos;TEIXOSO E SARZEDO
Rua da Amargura;TEIXOSO E SARZEDO
Rua da Capela;TEIXOSO E SARZEDO
Rua da Carvalhosa;TEIXOSO E SARZEDO
Rua da Comenda;TEIXOSO E SARZEDO
Rua da Fonte da Quelha;TEIXOSO E SARZEDO
Rua da Infesta;TEIXOSO E SARZEDO
Rua da Malta;TEIXOSO E SARZEDO
Rua da Margadeira;TEIXOSO E SARZEDO
Rua da Praça;TEIXOSO E SARZEDO
Rua da República;TEIXOSO E SARZEDO
Rua da Restauração;TEIXOSO E SARZEDO
Rua da Saudade;TEIXOSO E SARZEDO
Rua da Serra;TEIXOSO E SARZEDO
Rua da Vaqueira;TEIXOSO E SARZEDO
Rua da Várzea;TEIXOSO E SARZEDO
Rua das Almoínhas;TEIXOSO E SARZEDO
Rua das Amoreiras;TEIXOSO E SARZEDO
Rua das Hortas;TEIXOSO E SARZEDO
Rua das Mimosas;TEIXOSO E SARZEDO
Rua das Moitinhas;TEIXOSO E SARZEDO
Rua das Quatro Quinas;TEIXOSO E SARZEDO
Rua das Tendas;TEIXOSO E SARZEDO
Rua de Aljubarrota;TEIXOSO E SARZEDO
Rua de Santo António;TEIXOSO E SARZEDO
Rua de São Pedro;TEIXOSO E SARZEDO
Rua do Canto Macaca;TEIXOSO E SARZEDO
Rua do Carrapatelo;TEIXOSO E SARZEDO
Rua do Castelo;TEIXOSO E SARZEDO
Rua do Cemitério;TEIXOSO E SARZEDO
Rua do Emigrante;TEIXOSO E SARZEDO
Rua do Espírito Santo;TEIXOSO E SARZEDO
Rua do Infantário;TEIXOSO E SARZEDO
Rua do Mogo;TEIXOSO E SARZEDO
Rua do Padrão;TEIXOSO E SARZEDO
Rua do Passal;TEIXOSO E SARZEDO
Rua do Pinhal;TEIXOSO E SARZEDO
Rua do Pio;TEIXOSO E SARZEDO
Rua do Pisco;TEIXOSO E SARZEDO
Rua do Pouso;TEIXOSO E SARZEDO
Rua do Quebra Costas;TEIXOSO E SARZEDO
Rua do Ribeiro;TEIXOSO E SARZEDO
Rua do Rio Zêzere;TEIXOSO E SARZEDO
Rua do Terreiro;TEIXOSO E SARZEDO
Rua do Tesouro;TEIXOSO E SARZEDO
Rua dos Barreiros;TEIXOSO E SARZEDO
Rua dos Coutos;TEIXOSO E SARZEDO
Rua dos Jesmins;TEIXOSO E SARZEDO
Rua dos Olivais;TEIXOSO E SARZEDO
Rua dos Pomares;TEIXOSO E SARZEDO
Rua dos Teixos;TEIXOSO E SARZEDO
Transversal da Rua da Várzea;TEIXOSO E SARZEDO
Travessa Doutor Francisco Garret;TEIXOSO E SARZEDO
Travessa Espírito Santo;TEIXOSO E SARZEDO
Travessa Fonte do Cimo;TEIXOSO E SARZEDO
Travessa Gago Coutinho;TEIXOSO E SARZEDO
Travessa da Fonte da Quelha;TEIXOSO E SARZEDO
Travessa da Palmeira;TEIXOSO E SARZEDO
Travessa da Praça;TEIXOSO E SARZEDO
Travessa da Restauração;TEIXOSO E SARZEDO
Travessa da Rua das Amoreiras;TEIXOSO E SARZEDO
Travessa da Vaqueira;TEIXOSO E SARZEDO
Travessa das Moitinhas;TEIXOSO E SARZEDO
Travessa de Santo António;TEIXOSO E SARZEDO
Travessa de São Marcos;TEIXOSO E SARZEDO
Travessa do Forno;TEIXOSO E SARZEDO
Travessa do Lagar;TEIXOSO E SARZEDO
Travessa do Pio;TEIXOSO E SARZEDO
Travessa do Pisco;TEIXOSO E SARZEDO
Urbanização Bairro das Nogueiras;TEIXOSO E SARZEDO
Urbanização Senhora dos Verdes;TEIXOSO E SARZEDO
1ª Transversal Estrada Municipal 513;TORTOSENDO
1ª Transversal da Alameda dos Empresários;TORTOSENDO
1ª Transversal da Quinta Maiorais de Cima;TORTOSENDO
1ª Transversal da Quinta da Serrabola;TORTOSENDO
1ª Transversal da Rua Maiorais de Baixo;TORTOSENDO
1ª Transversal da Rua da Emissora;TORTOSENDO
1ª Transversal da Rua das Courelas;TORTOSENDO
1ª Transversal À Avenida Montes Hermínios;TORTOSENDO
1ª Transversal À Rua Fonte Fria de Cima;TORTOSENDO
1ª Transversal à Rua Principal A;TORTOSENDO
1ª Transversal à Rua Principal B;TORTOSENDO
2ª Transversal da Quinta Maiorais de Cima;TORTOSENDO
2ª Transversal da Rua Maiorais de Baixo;TORTOSENDO
2ª Transversal da Rua da Emissora;TORTOSENDO
2ª Transversal À Avenida Montes Hermínios;TORTOSENDO
2ª Transversal À Rua Fonte Fria de Cima;TORTOSENDO
2ª Tranversal da Ponte Pedrinha;TORTOSENDO
3ª Transversal da Rua Maiorais de Baixo;TORTOSENDO
3ª Transversal da Rua da Emissora;TORTOSENDO
3ª Transversal À Avenida Montes Hermínios;TORTOSENDO
4ª Transversal da Rua Maiorais de Baixo;TORTOSENDO
4ª Transversal À Avenida Montes Hermínios;TORTOSENDO
5ª Transversal da Rua Maiorais de Baixo;TORTOSENDO
5ª Transversal À Avenida Montes Hermínios;TORTOSENDO
6ª Transversal À Avenida Montes Hermínios;TORTOSENDO
Alameda dos Empresários;TORTOSENDO
Avenida 5 de Outubro;TORTOSENDO
Avenida Almeida Garret;TORTOSENDO
Avenida José Rodrigues Ribeiro;TORTOSENDO
Avenida João Carlos Quelhas Calado;TORTOSENDO
Avenida Viriato;TORTOSENDO
Avenida de São Tiago;TORTOSENDO
Avenida dos Montes Hermínios;TORTOSENDO
Bairro Santa Catarina;TORTOSENDO
Beco Nº 1 da Rua Nova dos Olivais;TORTOSENDO
Beco Nº 2 da Rua Nova dos Olivais;TORTOSENDO
Beco Nº 3 da Rua Nova dos Olivais;TORTOSENDO
Beco Saint Genis Laval;TORTOSENDO
Beco da Alegria;TORTOSENDO
Beco da Avenida do Viriato;TORTOSENDO
Beco da Senhora do Rosário;TORTOSENDO
Beco das Santas;TORTOSENDO
Bela Vista;TORTOSENDO
Calçada das Pontes;TORTOSENDO
Caminho Quinta da Serrabola;TORTOSENDO
Caminho da Açudinha;TORTOSENDO
Caminho de São Miguel;TORTOSENDO
Caminho dos Lagares;TORTOSENDO
Escadas do Duque;TORTOSENDO
Estrada Municipal 513;TORTOSENDO
Estrada Nacional 230;TORTOSENDO
Estrada da Ladeirinha;TORTOSENDO
Estrada da Ponte Pedrinha;TORTOSENDO
Estrada do Casal da Serra;TORTOSENDO
Estrada do Seminário;TORTOSENDO
Estrada dos Lagares;TORTOSENDO
Ladeira da Calçadinha;TORTOSENDO
Largo 1º de Maio;TORTOSENDO
Largo Nossa Senhora dos Rosário;TORTOSENDO
Largo da Amoreira;TORTOSENDO
Largo da Feira;TORTOSENDO
Largo da Fonte;TORTOSENDO
Largo de Nossa Senhora dos Prazeres;TORTOSENDO
Largo do Calvário;TORTOSENDO
Largo do Terroeiro;TORTOSENDO
Largo dos Pinhos Mansos;TORTOSENDO
Loteamento Quinta do Prazo;TORTOSENDO
Meia Légua;TORTOSENDO
Parede do Guerra;TORTOSENDO
Parque Urbis;TORTOSENDO
Praça da Liberdade;TORTOSENDO
Quelha da Silva;TORTOSENDO
Quinta Canada de Baixo;TORTOSENDO
Quinta da Canada;TORTOSENDO
Quinta da Pedracha;TORTOSENDO
Quinta da Tapada;TORTOSENDO
Quinta de Santa Margarida;TORTOSENDO
Quinta de Santiago;TORTOSENDO
Quinta de São João;TORTOSENDO
Quinta do Advogado;TORTOSENDO
Quinta do Ameal;TORTOSENDO
Quinta do Cavaco;TORTOSENDO
Quinta do Pomar;TORTOSENDO
Quinta do Rebolal;TORTOSENDO
Rotunda do Casal 2;TORTOSENDO
Rua 1º de Maio;TORTOSENDO
Rua 25 de Abril;TORTOSENDO
Rua A;TORTOSENDO
Rua A à Avenida dos Montes Hermínios;TORTOSENDO
Rua B;TORTOSENDO
Rua Belsol;TORTOSENDO
Rua C;TORTOSENDO
Rua CPT Pinhos Mansos;TORTOSENDO
Rua D;TORTOSENDO
Rua Direita;TORTOSENDO
Rua Dona Maria Rosália Tavares Proença;TORTOSENDO
Rua Doutor Gabriel Boavida Castelo Branco;TORTOSENDO
Rua E;TORTOSENDO
Rua Engenheiro Duarte Pacheco;TORTOSENDO
Rua F;TORTOSENDO
Rua Fonte Fria de Cima;TORTOSENDO
Rua Fonte da Cale;TORTOSENDO
Rua G;TORTOSENDO
Rua H;TORTOSENDO
Rua I;TORTOSENDO
Rua Indústria de Lanifícios;TORTOSENDO
Rua J;TORTOSENDO
Rua José Carlos Ary dos Santos;TORTOSENDO
Rua Machedes;TORTOSENDO
Rua Machedes de Baixo;TORTOSENDO
Rua Machedes de Cima;TORTOSENDO
Rua Morgada;TORTOSENDO
Rua Nossa Senhora Prazeres;TORTOSENDO
Rua Nova do Souto;TORTOSENDO
Rua Nova dos Olivais;TORTOSENDO
Rua Principal;TORTOSENDO
Rua Principal A;TORTOSENDO
Rua Principal b;TORTOSENDO
Rua Quinta Pé da Maia;TORTOSENDO
Rua Quinta da Estremilda;TORTOSENDO
Rua Quinta da Raposa;TORTOSENDO
Rua Quinta das Lameiras;TORTOSENDO
Rua Ribeiro dos Fornos;TORTOSENDO
Rua Senhora dos Remédios;TORTOSENDO
Rua Sol Nascente;TORTOSENDO
Rua Unidos Futebol Clube;TORTOSENDO
Rua Vale das Donas;TORTOSENDO
Rua da Amoreira;TORTOSENDO
Rua da Calçada;TORTOSENDO
Rua da Emissora;TORTOSENDO
Rua da Estação;TORTOSENDO
Rua da Feira;TORTOSENDO
Rua da Fonte;TORTOSENDO
Rua da Fonte Fria;TORTOSENDO
Rua da Malhada;TORTOSENDO
Rua da Senhora do Rosário;TORTOSENDO
Rua das Courelas;TORTOSENDO
Rua das Flores;TORTOSENDO
Rua das Lages;TORTOSENDO
Rua das Laranjeiras;TORTOSENDO
Rua de Saint Genis Laval;TORTOSENDO
Rua de São José Operário;TORTOSENDO
Rua de São João;TORTOSENDO
Rua do Cabeço;TORTOSENDO
Rua do Cabo da Aldeia;TORTOSENDO
Rua do Calvário;TORTOSENDO
Rua do Campo;TORTOSENDO
Rua do Canto;TORTOSENDO
Rua do Carvalhal;TORTOSENDO
Rua do Cimo;TORTOSENDO
Rua do Comércio;TORTOSENDO
Rua do Fundo;TORTOSENDO
Rua do Pombal;TORTOSENDO
Rua do Quintal;TORTOSENDO
Rua do Regateiro;TORTOSENDO
Rua do Ribeirinho;TORTOSENDO
Rua do Santuário;TORTOSENDO
Rua do Terroeiro;TORTOSENDO
Rua do Torno;TORTOSENDO
Rua dos Escabelados;TORTOSENDO
Rua dos Loureiros;TORTOSENDO
Rua dos Maiorais de Baixo;TORTOSENDO
Souto Escuro;TORTOSENDO
Sítio da Ladeira Grande;TORTOSENDO
Sítio da Tenda;TORTOSENDO
Sítio de Espertim;TORTOSENDO
Sítio do Passal;TORTOSENDO
Sítio Árvores Altas;TORTOSENDO
Transversal Rua Quinta da Estremilda;TORTOSENDO
Transversal da Rua Ribeiro dos Fornos;TORTOSENDO
Transversal da Rua Vale das Donas;TORTOSENDO
Tranversal da Rua da Ponte Pedrinha;TORTOSENDO
Travessa da Amoreira;TORTOSENDO
Travessa da Fonte da Cale;TORTOSENDO
Travessa da Rua Direita;TORTOSENDO
Travessa da Rua da Fonte;TORTOSENDO
Travessa da Rua dos Loureiros;TORTOSENDO
Travessa da Senhora do Rosário;TORTOSENDO
Travessa das Fábricas;TORTOSENDO
Travessa de São José Operário;TORTOSENDO
Travessa de São Tiago;TORTOSENDO
Travessa do Campo;TORTOSENDO
Travessa do Carvalhal;TORTOSENDO
Travessa do Duque;TORTOSENDO
Travessa do Passadiço;TORTOSENDO
Travessa do Ribeirinho;TORTOSENDO
Travessa do Terroeiro;TORTOSENDO
Travessa dos Escabelados;TORTOSENDO
Urbanização Cruz dos Pinhais;TORTOSENDO
Urbanização Quinta da Clarabóia;TORTOSENDO
Urbanização Sítio da Pousada;TORTOSENDO
Avenida 1º de Maio;UNHAIS DA SERRA
Avenida Nossa Senhora da Saúde;UNHAIS DA SERRA
Avenida da Cidade da Covilhã;UNHAIS DA SERRA
Avenida da Lomba;UNHAIS DA SERRA
Avenida das Termas;UNHAIS DA SERRA
Bairro Cabeço da Ponte;UNHAIS DA SERRA
Bairro Novo de São José;UNHAIS DA SERRA
Bairro São José;UNHAIS DA SERRA
Bairro da Assomada;UNHAIS DA SERRA
Bairro da Bouxinha;UNHAIS DA SERRA
Bairro da Pedreira;UNHAIS DA SERRA
Bairro da Risca;UNHAIS DA SERRA
Bairro da Terra Senhora;UNHAIS DA SERRA
Bairro dos Barreiros;UNHAIS DA SERRA
Caminho das Courelinhas;UNHAIS DA SERRA
Canto Bernardino da Fonseca;UNHAIS DA SERRA
Escadaria do Forno;UNHAIS DA SERRA
Estrada Nacional 230;UNHAIS DA SERRA
Largo 11 de Julho;UNHAIS DA SERRA
Largo Padre Hermínio F Martins;UNHAIS DA SERRA
Largo Silvestre Gaudêncio;UNHAIS DA SERRA
Largo da Capela;UNHAIS DA SERRA
Parque Industrial Campo Torgas;UNHAIS DA SERRA
Quinta da Vargem;UNHAIS DA SERRA
Rua 25 de Abril;UNHAIS DA SERRA
Rua Amoreira;UNHAIS DA SERRA
Rua Caminho Velho;UNHAIS DA SERRA
Rua Comendador António Gil;UNHAIS DA SERRA
Rua Conde Covilhã;UNHAIS DA SERRA
Rua Doutor Amândio M Leitão;UNHAIS DA SERRA
Rua Fernando J G Braga;UNHAIS DA SERRA
Rua Fonte;UNHAIS DA SERRA
Rua Junta de Freguesia;UNHAIS DA SERRA
Rua Levada;UNHAIS DA SERRA
Rua Nova do Casal;UNHAIS DA SERRA
Rua Nova do Pesinho;UNHAIS DA SERRA
Rua Padre Alfredo Santos Marques;UNHAIS DA SERRA
Rua Pesinho;UNHAIS DA SERRA
Rua Porto à Eira;UNHAIS DA SERRA
Rua Quelha;UNHAIS DA SERRA
Rua Ribeiro;UNHAIS DA SERRA
Rua Santo Aleixo;UNHAIS DA SERRA
Rua Via Bardinhos;UNHAIS DA SERRA
Rua Via Barreiro;UNHAIS DA SERRA
Rua Via Estrela;UNHAIS DA SERRA
Rua Via Paraíso 1;UNHAIS DA SERRA
Rua Via Paraíso 2;UNHAIS DA SERRA
Rua da Arxada;UNHAIS DA SERRA
Rua da Barroca;UNHAIS DA SERRA
Rua da Bela Vista;UNHAIS DA SERRA
Rua das Moutas;UNHAIS DA SERRA
Rua do Pisão;UNHAIS DA SERRA
Rua do Sindicato;UNHAIS DA SERRA
Rua dos Moinhos;UNHAIS DA SERRA
Travessa 1;UNHAIS DA SERRA
Travessa 2;UNHAIS DA SERRA
Travessa 3;UNHAIS DA SERRA
Travessa 4;UNHAIS DA SERRA
Travessa Tio João Lopes;UNHAIS DA SERRA
Via Romana;UNHAIS DA SERRA
1ª Travessa à Rua do Pinheiro;VALE FORMOSO E ALDEIA DO SOUTO
2ª Travessa à Rua do Pinheiro;VALE FORMOSO E ALDEIA DO SOUTO
Caminho Municipal 1021;VALE FORMOSO E ALDEIA DO SOUTO
Estrada Municipal;VALE FORMOSO E ALDEIA DO SOUTO
Estrada Municipal 503;VALE FORMOSO E ALDEIA DO SOUTO
Estrada Nacional 18;VALE FORMOSO E ALDEIA DO SOUTO
Estrada Nacional 232;VALE FORMOSO E ALDEIA DO SOUTO
Estrada do Terlamonte;VALE FORMOSO E ALDEIA DO SOUTO
Largo Doutor Joaquim Pereira Macedo;VALE FORMOSO E ALDEIA DO SOUTO
Largo Espírito Santo;VALE FORMOSO E ALDEIA DO SOUTO
Largo Igreja;VALE FORMOSO E ALDEIA DO SOUTO
Largo da Escola;VALE FORMOSO E ALDEIA DO SOUTO
Largo da Praça;VALE FORMOSO E ALDEIA DO SOUTO
Largo do Rossio;VALE FORMOSO E ALDEIA DO SOUTO
Quinta Monte Negro;VALE FORMOSO E ALDEIA DO SOUTO
Rua 1º de Dezembro;VALE FORMOSO E ALDEIA DO SOUTO
Rua Amoreira;VALE FORMOSO E ALDEIA DO SOUTO
Rua Bica;VALE FORMOSO E ALDEIA DO SOUTO
Rua Cabeço da Fonte;VALE FORMOSO E ALDEIA DO SOUTO
Rua Cabo do Mundo;VALE FORMOSO E ALDEIA DO SOUTO
Rua Carvalho Araújo;VALE FORMOSO E ALDEIA DO SOUTO
Rua Combatente Ludgero Carapito Gomes;VALE FORMOSO E ALDEIA DO SOUTO
Rua Corte Nova;VALE FORMOSO E ALDEIA DO SOUTO
Rua Doutor José Alberto Mateus Marques;VALE FORMOSO E ALDEIA DO SOUTO
Rua Escola;VALE FORMOSO E ALDEIA DO SOUTO
Rua Fonte Velha;VALE FORMOSO E ALDEIA DO SOUTO
Rua Guerra Junqueiro;VALE FORMOSO E ALDEIA DO SOUTO
Rua Iró;VALE FORMOSO E ALDEIA DO SOUTO
Rua Laranjeira;VALE FORMOSO E ALDEIA DO SOUTO
Rua Manuel Conde;VALE FORMOSO E ALDEIA DO SOUTO
Rua Outeiro;VALE FORMOSO E ALDEIA DO SOUTO
Rua Pinheiro;VALE FORMOSO E ALDEIA DO SOUTO
Rua São Sebastião;VALE FORMOSO E ALDEIA DO SOUTO
Rua Sítio das Regadas;VALE FORMOSO E ALDEIA DO SOUTO
Rua da Cotovia;VALE FORMOSO E ALDEIA DO SOUTO
Rua da Madalena;VALE FORMOSO E ALDEIA DO SOUTO
Rua da Pouca Farinha;VALE FORMOSO E ALDEIA DO SOUTO
Rua da Urbanização;VALE FORMOSO E ALDEIA DO SOUTO
Rua das Fontainhas;VALE FORMOSO E ALDEIA DO SOUTO
Rua das Quatro Quinas;VALE FORMOSO E ALDEIA DO SOUTO
Rua de Santa Ana;VALE FORMOSO E ALDEIA DO SOUTO
Rua do Cabeço Pelado;VALE FORMOSO E ALDEIA DO SOUTO
Rua do Forno;VALE FORMOSO E ALDEIA DO SOUTO
Rua do Quebra Costas;VALE FORMOSO E ALDEIA DO SOUTO
Rua do Relógio;VALE FORMOSO E ALDEIA DO SOUTO
Rua do Rossio;VALE FORMOSO E ALDEIA DO SOUTO
Rua do Sardeiral;VALE FORMOSO E ALDEIA DO SOUTO
Rua do Tronco;VALE FORMOSO E ALDEIA DO SOUTO
Rua dos Depósitos da Água;VALE FORMOSO E ALDEIA DO SOUTO
Rua dos Tanques;VALE FORMOSO E ALDEIA DO SOUTO
Transversal da Travessa de Santa Ana;VALE FORMOSO E ALDEIA DO SOUTO
Travessa Corte Nova;VALE FORMOSO E ALDEIA DO SOUTO
Travessa Laranjeira;VALE FORMOSO E ALDEIA DO SOUTO
Travessa Manuel Conde;VALE FORMOSO E ALDEIA DO SOUTO
Travessa Outeiro;VALE FORMOSO E ALDEIA DO SOUTO
Travessa da Pouca Farinha;VALE FORMOSO E ALDEIA DO SOUTO
Travessa de Santa Ana;VALE FORMOSO E ALDEIA DO SOUTO
Travessa do Pinheiro;VALE FORMOSO E ALDEIA DO SOUTO
Travessa do Sardeiral;VALE FORMOSO E ALDEIA DO SOUTO
Rua Direita;VERDELHOS
Rua Direita da Burralheira;VERDELHOS
Travessa da Rua Direita;VERDELHOS
