Data,Autor,Texto,Likes,Respostas,Conteúdo_Comentários
2026-03-12T15:37:10.567Z,us2pt.bsky.social,"The old tile work in school at Covilhã, Portugal",0,0,
2026-03-08T17:53:01.818Z,pseudonarcissus.bsky.social,Covilhã,0,0,
2026-03-07T16:27:27.895Z,goalbot.dev,"GOAL! 64' — A. Sapara scores for 1º Dezembro. SC Covilha 0–2 1º Dezembro. Liga 3

#sccovilha #1dezembro",0,0,
2026-03-07T16:15:28.913Z,goalbot.dev,"GOAL! 50' — S. A. Andrade Male scores for 1º Dezembro. SC Covilha 0–1 1º Dezembro. Liga 3

#sccovilha #1dezembro",0,0,
2026-03-07T16:13:35.229Z,goalbot.dev,"GOAL! 50' — 1º Dezembro. SC Covilha 0–1 1º Dezembro. Liga 3

#sccovilha #1dezembro",0,0,
2026-03-06T18:20:17.534Z,anagualberto.bsky.social,"Alterações climáticas, essa coisa esquerdalha?! Nunca! O problema é viver tanta gente no litoral. Estão a ver a Covilhã? Ali é que devia ser Lisboa! Se toda a gente vivesse entre Elvas e Bragança, não andava aí a esquerdalhada a falar de crises climáticas!",3,3,"[@derblue.bsky.social: O observador de facto escolhe os seus cronistas e comentadores a dedo… (Likes: 1)] | [@sanscelerien.bsky.social: É uma chatice que as zonas com maiores riscos sísmicos, atmosféricos e geológicos sejam as mais ricas e mais procuradas.
Lá nas berças não se passa nada. Enfim, só incêndios. (Likes: 1)] | [@fatnun.bsky.social: se como deputada e ‘cronista’ é assim sempre tenho uma curiosidade pérfida eu ver o legado arquitetónico q deixa 💀 (Likes: 1)]"
2026-02-28T17:00:48.682Z,goalbot.dev,"GOAL! 90' — Atlético CP. Atlético CP 1–2 SC Covilha. Liga 3

#atleticocp #sccovilha",0,0,
2026-02-28T16:35:28.810Z,goalbot.dev,"GOAL! 61' — A. Liberal scores for SC Covilha. Atlético CP 0–2 SC Covilha. Liga 3

#atleticocp #sccovilha",0,0,
2026-02-28T16:31:18.302Z,goalbot.dev,"GOAL! 62' — SC Covilha. Atlético CP 0–2 SC Covilha. Liga 3

#atleticocp #sccovilha",0,0,
2026-02-28T15:52:30.838Z,goalbot.dev,"GOAL! 45' — C. Balsa scores for SC Covilha. Atlético CP 0–1 SC Covilha. Assist: R. Ferreira. Liga 3

#atleticocp #sccovilha",0,0,
2026-02-28T15:49:06.252Z,goalbot.dev,"GOAL! 45' — SC Covilha. Atlético CP 0–1 SC Covilha. Liga 3

#atleticocp #sccovilha",0,0,
2026-02-28T15:40:03Z,betsapi.bsky.social,#PortugalLiga3 Atletico CP Lisbon v Sporting Covilha https://score366.com/r/11343901/Atletico-CP-Lisbon-v-Sporting-Covilha #Soccer,0,0,
2026-02-28T14:34:30.176Z,vicenteolissipo.bsky.social,Imagina *não* estar no Culto do São José da Covilhã,0,0,
2026-02-27T20:33:31.063Z,movebeiras.pt,"🚂 A Move Beiras marcou presença na apresentação do projecto KMZERO a convite da Freguesia de Tortosendo no stand da Covilhã Município na Bolsa de Turismo de Lisboa.
🚵 Um projecto que combina comboio, ciclismo e natureza e que tem todo o potencial de vingar na região!",1,0,
2026-02-27T20:30:45.653Z,movebeiras.pt,"🚂 A Move Beiras marcou presença na apresentação do projecto KMZERO a convite da Freguesia de Tortosendo no stand da Covilhã Município na Bolsa de Turismo de Lisboa.
🚵 Um projecto que combina comboio, ciclismo e natureza e que tem todo o potencial de vingar na região!",0,0,
2026-02-27T02:11:21.406Z,ch3red.bsky.social,"2021 X 2026

2021 foi literalmente o ano em que iniciei minha transição, por isso da máscara,

Além claro da Covilhã.",1,0,
2026-02-26T18:01:58+00:00,rss.dfaria.eu,"comunidadeculturaearte.com: Exibição comercial de cinema volta à Covilhã com filme “Terra Vil”, do realizador Luís Campos

A abertura das salas de cinema do Serra Shopping, na Covilhã, agendada para 05 de março, tem como cabeça de […]

https://comunidadeculturaearte.com/exibicao-comercial-de...",0,0,
2026-02-26T17:01:02.224Z,comculturaearte.bsky.social,"A abertura das salas de cinema do Serra Shopping, na Covilhã, agendada para 05 de março, tem como cabeça de cartaz o filme “Terra Vil”, do realizador Luís Campos, que se estreia hoje.

👉Sabe mais: comunidadeculturaearte.com/exibicao-com...",0,0,
2026-02-23T13:52:37.837Z,ricardobigodes.bsky.social,"Eu tenho família da Covilhã, adoro a Covilhã mas não sei se isto me convence 🤨🧐",4,3,"[@imutley.bsky.social: Hmmm provar provava (Likes: 1)] | [@diogoafsimoes.bsky.social: Se tem chocolate, provo (Likes: 1)] | [@rickm89.bsky.social: Estou curioso e ao mesmo tempo reticente 😅🤔 (Likes: 2)]"
2026-02-23T12:04:34.080Z,jornalexpresso.bsky.social,"Improvável e ousado, bombom de chocolate com queijo de ovelha criado na Covilhã “vai ser um sucesso”",2,1,[@elgatito.bsky.social:  (Likes: 1)]
2026-02-22T17:59:19.021Z,herald.goalbot.dev,"🏁 FULLTIME — SC Covilha 1–0 Caldas. Liga 3

#sccovilha #caldas",0,0,
2026-02-22T16:41:25.117Z,goalbot.dev,"GOAL! 36' — A. Liberal scores for SC Covilha. SC Covilha 1–0 Caldas. Liga 3

#sccovilha #caldas",0,0,
2026-02-22T16:39:25.111Z,goalbot.dev,"GOAL! 36' — SC Covilha. SC Covilha 1–0 Caldas. Liga 3

#sccovilha #caldas",0,0,
2026-02-08T13:07:18.193Z,portugalroots.bsky.social,#serradaestrela #portugal #visitportugal #torre #covilha #seia #estrela #wintervibes #snowday #mountaingetaway #naturelovers #hikingportugal #adventuretravel #neve #hiddengems #roadtrip,0,0,
2026-02-06T21:18:34.443Z,joaquimrene.bsky.social,"Kayzer Ballet, Covilhã.
#kayzerballet #marcogoecke #marcosmrau #ricardoruna #cultura #danca",0,0,
2026-02-06T16:55:27.407Z,atrevidas.bsky.social,"Massagens Matti
#Covilhã, Portugal
Ofereço serviços para adultos, massagem  e preliminares
Contate-nos pelo WhatsApp
www.atrevidas.eu/details.php?...",0,0,
2026-02-06T11:00:26+00:00,pt-noticias.bsky.social,"Ex-jogadores do Gil Vicente e do Sp. Covilhã condenados por corrupção – Futebol

https://www.europesays.com/pt/258826/

08:52 Segundo avança o ‘Jornal de Notícias’ 
 
 
 
 
 
 
 
 O ‘Jornal de…",0,0,
2026-02-05T21:42:42.761Z,pedrosales.bsky.social,"a covilhã nunca produziu tanto e exportou tanta fiação, incluindo tecidos inteligentes, como hoje. emprega é muitíssimo menos gente, claro.",0,2,[@mgpereira.bsky.social: Isso não sabia. (Likes: 0)] | [@detig.bsky.social: Fiação ou vestuário? A primeira está a montante da segunda (Likes: 0)]
2026-02-05T21:38:03.712Z,mgpereira.bsky.social,Tenho mesmo pena. A Covilhã chegou a ser o potentado da fiação. As peças iam a Inglaterra para “levar o carimbo “ e serem vendidas made in scotland.,0,1,"[@pedrosales.bsky.social: a covilhã nunca produziu tanto e exportou tanta fiação, incluindo tecidos inteligentes, como hoje. emprega é muitíssimo menos gente, claro. (Likes: 0)]"
2026-02-05T19:45:54.286Z,jrosaproenca.bsky.social,Infelizmente isto já são os últimos suspiros de uma força industrial da Covilhã que se foi delapidando desde há umas décadas atrás. Venho de uma família que estava ligada a essa área (até tenho como um dos apelidos... Lã) e já há muito tempo que o negócio se foi 😔,2,1,[@safaadib.bsky.social: É muito triste (Likes: 0)]
2026-02-04T22:21:24.428Z,aluzp.bsky.social,Museu de Lanifícios. Covilhã.,0,0,
2026-01-31T13:56:06.768973Z,sapo.pt,Deslizamento nas Minas da Panasqueira não compromete abastecimento de água na Covilhã,1,0,
2026-01-27T16:02:31.603775Z,recuerdosmo.bsky.social,"Covilhã es una agradable y tranquila ciudad perteneciente a la región de Beira Baixa en el Centro de Portugal. Es la principal puerta de entrada a la vertiente sureste del Parque Natural de la Sierra de la Estrella.
 
 Te contamos más aquí ",0,0,
2026-01-26T22:29:14.946Z,bluetigas.bsky.social,Não foi o Governo Português no tempo de Sócrates que comprou espaço no datacenter da Covilhã como forma de retribuir os favorzinhos que a MEO e o BES estavam a fazer? Note-se que este Visio corre em cima da cloud privada estatal de França.,1,1,"[@dpaxorales.bsky.social: tenho vaga ideia de uma temporada libreoffice na admin pública com taxas de rejeição aparentemente grandes mas nunca contabilizadas. não sei precisar qual o governo dessa altura, mas sei que não durou. (Likes: 1)]"
2026-01-26T10:00:28+00:00,pt-noticias.bsky.social,"Cirurgias cardíacas inovadoras no aniversário da Unidade de Intervenção Cardiovascular da Covilhã

https://www.europesays.com/pt/244787/

A Unidade Local de Saúde da Cova da Beira (ULS da Cova da Beira) vai assinalar, no próximo…",0,0,
2026-01-24T18:00:22+00:00,pt-entretenimento.bsky.social,"Pedro Jorge acorda com a casa coberta de neve. O cenário parece saído de um conto de fadas – Primeira Companhia

https://www.europesays.com/pt/242709/

Pedro Jorge regressou à sua terra natal, a Covilhã, e partilhou com os seguidores as imagens impressionantes do…",0,0,
2026-01-24T17:45:16+00:00,pt-noticias.bsky.social,"Pedro Jorge acorda com a casa coberta de neve. O cenário parece saído de um conto de fadas – Primeira Companhia

https://www.europesays.com/pt/242709/

Pedro Jorge regressou à sua terra natal, a Covilhã, e partilhou com os seguidores as imagens impressionantes do…",0,0,
2026-01-24T17:17:17.458Z,wire.goalbot.dev,"🏁 FULLTIME — Amora 0–0 SC Covilha. Liga 3

#amora #sccovilha",0,0,
2026-01-24T16:42:40.688Z,herald.goalbot.dev,"GOAL! 45' — Amora. Amora 1–0 SC Covilha. Liga 3

#amora #sccovilha",0,0,
2026-01-24T15:01:51.738Z,herald.goalbot.dev,"⚽ KICKOFF — Amora 0–0 SC Covilha. Liga 3

#amora #sccovilha",0,0,
2026-01-23T18:46:12.221247Z,sapo.pt,Derrocada de muro destrói quatro viaturas no concelho da Covilhã,0,0,
2026-01-23T11:01:53.772Z,mormadalena.bsky.social,"Almada ✔️
Amadora ✔️
Torres Vedras ✔️
Carcavelos 🕒
Santarém 🕟
Guarda 🕡
Chaves 🕢
Covilhã ⏳️",0,0,
2026-01-20T18:30:30+00:00,rss.dfaria.eu,"comunidadeculturaearte.com: Castello Lopes regressa em março à Covilhã e mantém cinema nas salas da cidade

A Castello Lopes Cinema volta a operar no Serra Shopping, garantindo a continuidade do cinema comercial na Covilhã, confirmou à […]

https://comunidadeculturaearte.com/castello-lopes-r...",0,0,
2026-01-16T09:46:50.968Z,visitportugal.com,"At the foot of Serra da Estrela, #Covilhã blends mountain tranquility with university energy. Discover its textile heritage at the Wool Museum, explore urban art, the Jewish Heritage Route, and local culture. Enjoy local gastronomy and outdoor activities in the mountains.
#VisitPortugal #Portugal",2,0,
2026-01-15T03:14:50.633Z,jornalexpresso.bsky.social,"Covilhã, Manteigas e Seia: estes são os hotéis recomendados para estar mais perto da Torre da Serra da Estrela",0,0,
2026-01-14T21:05:27.141Z,petethebullet.bsky.social,"Os municípios também têm Ascensores. Há outros em Lisboa. Há na Covilhã. E o mais belo e melhor de todos, o da Nazaré. Ainda no último fim de semana andei.",1,1,[@jafundo.bsky.social: Nos de Lisboa não ando. (Likes: 0)]
2026-01-14T18:03:06.837014Z,sapo.pt,"Covilhã, Manteigas e Seia: estes são os hotéis recomendados para estar mais perto da Torre da Serra da Estrela",0,0,
2026-01-12T17:59:22.644Z,pedrosales.bsky.social,"falou imprensa toda na covilhã. deu em directo nas tvs. observador fez um push, normal.",1,1,"[@bicodegas.bsky.social: Ah ok. Mas o meu ""estranho"" era irónico. (Likes: 1)]"
2026-01-12T16:46:02+00:00,eucup.bsky.social,"Complexo Desportivo da Covilhã: Jogo adiado pela FPF pelo mau estado do relvado no sábado recebe jogo da distrital no dia seguinte

https://www.eucup.com/1448661/

Complexo Desportivo da Covilhã: Jogo adiado pela FPF pelo mau estado do relvado no sábado recebe jogo da distrital no dia seguinte by …",0,0,
2026-01-11T20:08:22.353Z,herald.goalbot.dev,"⏸️ HALFTIME — SC Covilha 1–0 Academica. Liga 3

#sccovilha #academica",0,0,
2026-04-27T09:31:16.397Z,ubeirainterior.bsky.social,"𝐑𝐞𝐢𝐭𝐨𝐫𝐚 𝐝𝐚 𝐔𝐁𝐈 𝐝𝐞𝐬𝐭𝐚𝐜𝐚 𝐩𝐚𝐩𝐞𝐥 𝐞𝐬𝐭𝐫𝐚𝐭𝐞́𝐠𝐢𝐜𝐨 𝐝𝐨 𝐜𝐨𝐧𝐡𝐞𝐜𝐢𝐦𝐞𝐧𝐭𝐨 𝐧𝐚 𝐚𝐛𝐞𝐫𝐭𝐮𝐫𝐚 𝐝𝐨 𝐂𝐨𝐯𝐢𝐥𝐡𝐚̃ 𝐈𝐧𝐧𝐨𝐯 𝐒𝐮𝐦𝐦𝐢𝐭 𝟐𝟎𝟐𝟔

Ana Paula Duarte sublinhou a importância da criação de valor económico, social e humano.

Notícia completa: www.ubi.pt/Noticia/8236",0,0,
2026-04-26T20:18:59.160Z,movebeiras.pt,🎂 Junta-te a nós e vem celebrar o caminho-de-ferro entre a Covilhã e a Guarda!,0,0,
2026-04-26T20:18:58.622Z,movebeiras.pt,"No próximo domingo, 3 de Maio de 2026, convidamos-te a celebrar o 5.º aniversário da reabertura do troço Covilhã - Guarda e o 4º da Move Beiras!

📍 Aparece na estação da Benespera a partir das 14 horas, quando vamos reviver a tradição no forno da estação e preparar o lanche às 16 horas.",0,1,"[@movebeiras.pt: 
🎶 Animação garantida ao longo da tarde num momento de encontro, convívio e valorização do património ferroviário, reforçando o papel das comunidades locais na dinamização da Linha da Beira Baixa e a necessidade de um serviço justo para todos, no contexto actual de interrupção da linha. (Likes: 0)]"
2026-04-25T18:27:04.336Z,cabinedesportiva.bsky.social,SC Covilhã garantiu a manutenção na Liga 3.,0,0,
2026-04-25T17:32:25.588Z,terminal.goalbot.dev,"GOAL! 71' — F. Cruz scores for SC Covilha. Caldas 1–1 SC Covilha. Liga 3

#caldas #sccovilha",0,0,
2026-04-25T17:31:28.788Z,terminal.goalbot.dev,"GOAL! 70' — SC Covilha. Caldas 1–1 SC Covilha. Liga 3

#caldas #sccovilha",0,0,
2026-04-25T16:44:18.897Z,terminal.goalbot.dev,"GOAL! 39' — Tarzan scores for Caldas. Caldas 1–0 SC Covilha. Liga 3

#caldas #sccovilha",0,0,
2026-04-25T16:42:21.712Z,terminal.goalbot.dev,"GOAL! 39' — Caldas. Caldas 1–0 SC Covilha. Liga 3

#caldas #sccovilha",0,0,
2026-04-21T18:10:11.346961+00:00,astronomybot.bsky.social,"Today's weather in Covilhã, Portugal is Partly cloudy throughout the day with rain.

Temperature: 19˚C, 65.9˚F
Minimum temperature: 15˚C, 59.1˚F
Maximum temperature: 25˚C, 76.2˚F
Sunrise at 06:43:11 and sunset at 20:15:05 

Yellow Rain Warning alert from Tue Apr 21 12:20:00 2026 to Tue Apr 21 22:...",0,1,"[@astronomybot.bsky.social: ...00:00 2026
Showers, sometimes heavy and accompanied by thunderstorms, especially in mountainous areas. Possibility of convective gusts.

Hourly
00:00:00 - Clear
06:00:00 - Overcast
12:00:00 - Overcast
18:00:00 - Rain, Overcast
23:00:00 - Rain, Partially cloudy
 (Likes: 0)]"
2026-04-20T19:13:37Z,portaldragoes.bsky.social,"A 20 de abril de 1986, o FC Porto garantiu o título de campeão nacional com uma vitória por 4-2 frente ao Sporting da Covilhã, no Estádio das Antas, numa tarde que ficou gravada na história azul e branca. A equipa portista chegou ao jogo decisivo da I Divisão com a possibilidade de selar em ……",0,0,
2026-04-18T19:41:28Z,oalentejo.bsky.social,"Liga 3: Lusitano de Évora garante permanência com triunfo mínimo sobre o Covilhã (c/ vídeo)

Golo de Dida decidiu encontro e confirmou matematicamente a continuidade na Liga 3.",0,0,
2026-04-18T17:55:13.203Z,herald.goalbot.dev,"🏁 FULLTIME — Lusitano Évora 1911 1–0 SC Covilha. Liga 3

#lusitanoevora1911 #sccovilha",0,0,
2026-04-18T17:06:16.182Z,herald.goalbot.dev,"⚽ SECOND_HALF — Lusitano Évora 1911 1–0 SC Covilha. Liga 3

#lusitanoevora1911 #sccovilha",0,0,
2026-04-18T16:50:30.515Z,herald.goalbot.dev,"⏸️ HALFTIME — Lusitano Évora 1911 1–0 SC Covilha. Liga 3

#lusitanoevora1911 #sccovilha",0,0,
2026-04-18T16:17:34.091Z,gazette.goalbot.dev,"GOAL! 14' — D. Lopes scores for Lusitano Évora 1911. Lusitano Évora 1911 1–0 SC Covilha. Liga 3

#lusitanoevora1911 #sccovilha",0,0,
2026-04-18T16:17:29.641Z,herald.goalbot.dev,"GOAL! 14' — D. Lopes scores for Lusitano Évora 1911. Lusitano Évora 1911 1–0 SC Covilha. Liga 3

#lusitanoevora1911 #sccovilha",0,0,
2026-04-18T16:15:31.395Z,gazette.goalbot.dev,"GOAL! 14' — Lusitano Évora 1911. Lusitano Évora 1911 0–0 SC Covilha. Liga 3

#lusitanoevora1911 #sccovilha",0,0,
2026-04-18T16:15:26.939Z,herald.goalbot.dev,"GOAL! 14' — Lusitano Évora 1911. Lusitano Évora 1911 0–0 SC Covilha. Liga 3

#lusitanoevora1911 #sccovilha",0,0,
2026-04-18T16:04:29.051Z,herald.goalbot.dev,"⚽ KICKOFF — Lusitano Évora 1911 0–0 SC Covilha. Liga 3

#lusitanoevora1911 #sccovilha",0,0,
2026-04-16T17:25:16.736Z,fmarca.bsky.social,"A great afternoon in Covilhã. High-level presentations and two sharp keynotes that did exactly what this experts network calls for — engaging with Active Ageing critically, not just descriptively. Plenty to build on ahead of our next meeting. Thanks to UBI for the excellent organisation.",2,0,
2026-04-14T13:08:31.140Z,on-centro.bsky.social,"Em C. Branco, foram detidos 3 homens, com idades entre os 32 e os 39 anos, que acusaram taxas de álcool no sangue entre 1,71 g/l e 2,15 g/l. Na Covilhã, 2 homens, de 22 e 28 anos, apresentaram valores de 1,46 g/l e 2,14 g/l. Foram ainda detidos, 2 pessoas por condução sem habilitação legal.",0,0,
2026-04-14T11:31:58+01:00,rss.dfaria.eu,"WOOL | Covilhã Arte Urbana revela programação completa para edição comemorativa dos 15 anos

O WOOL | Covilhã Arte Urbana celebra 15 anos e regressa para mais uma edição em que o espaço público […]

comunidadeculturaearte.com",0,0,
2026-04-14T10:18:34.210Z,comculturaearte.bsky.social,"O WOOL | Covilhã Arte Urbana volta para a sua 13.a edição, num ano em que celebra 15 anos de regeneração da cidade. A programação completa já está disponível e pode ser consultada em woolfest.org.

PUB
comunidadeculturaearte.com/wool-covilha...",4,0,
2026-04-12T15:24:09.458Z,goalbot.dev,"GOAL! 58' — A. Liberal scores for SC Covilha. SC Covilha 2–1 Atlético CP. Liga 3

#sccovilha #atleticocp",0,0,
2026-04-12T15:20:57.088Z,inquirer.goalbot.dev,"GOAL! 56' — M. Barandas scores for Atlético CP. SC Covilha 2–1 Atlético CP. Liga 3

#sccovilha #atleticocp",0,0,
2026-04-12T15:20:55.997Z,inquirer.goalbot.dev,"GOAL! 59' — SC Covilha. SC Covilha 2–1 Atlético CP. Liga 3

#sccovilha #atleticocp",0,0,
2026-04-12T15:17:06.845Z,inquirer.goalbot.dev,"GOAL! 56' — Atlético CP. SC Covilha 1–1 Atlético CP. Liga 3

#sccovilha #atleticocp",0,0,
2026-04-12T14:27:26.566Z,inquirer.goalbot.dev,"GOAL! 20' — Jailson scores for SC Covilha. SC Covilha 1–0 Atlético CP. Liga 3

#sccovilha #atleticocp",0,0,
2026-04-12T14:23:34.969Z,inquirer.goalbot.dev,"GOAL! 20' — SC Covilha. SC Covilha 1–0 Atlético CP. Liga 3

#sccovilha #atleticocp",0,0,
2026-04-11T07:25:08.212Z,thebsp.org.uk,"Call for papers - Phenomenology and the Political: Experience, Power, and Methods

International Conference | University of Beira Interior (Covilhã, Portugal) | Organization: Albano Pina and Janilce Praseres (PRAXIS/UBI) | 2-3 December 2026

www.thebsp.org.uk/2026/04/11/c...",5,0,
2026-04-21T17:10:47.435525Z,idealistapt.bsky.social,"Palacete abandonado na Covilhã está à venda por 1,3 milhões de euros ",0,0,
2026-04-30T20:36:52.418Z,movebeiras.pt,"📸 Exposição “Linha da Beira Baixa: Troço Covilhã > Guarda no Século XXI”

Belmonte recebe, de 5 de Maio a 5 de Junho de 2026 no Welcome Center, a exposição fotográfica de Antero Pires dedicada ao troço ferroviário entre a Covilhã e a Guarda.",1,1,"[@movebeiras.pt: 🛤 Através de imagens captadas desde 2008, podemos observar a evolução deste troço encerrado durante 12 anos para obras, revelando as transformações do território, das suas paisagens e comunidades ao longo do Século XXI! (Likes: 0)]"
2026-04-30T16:38:43+00:00,dezanove.pt,Covilhã volta a sair à rua pela igualdade: 5ª Marcha LGBTQIAP+ acontece a 5 de Junho,0,0,
2026-05-01T16:50:14.238Z,gazette.goalbot.dev,"GOAL! 90' — SC Covilha. SC Covilha 1–1 Amora. Liga 3

#sccovilha #amora",0,0,
2026-05-01T16:48:14.762Z,haha.yes.goalbot.dev,"🟥 Red Card 90' (SC Covilha). SC Covilha 0–1 Amora. Liga 3

#sccovilha #amora",0,0,
2026-05-01T16:41:21.230Z,gazette.goalbot.dev,"GOAL! 81' — M. Antunes scores for Amora. SC Covilha 0–1 Amora. Liga 3

#sccovilha #amora",0,0,
2026-05-01T16:40:16.383Z,gazette.goalbot.dev,"GOAL! 80' — Amora. SC Covilha 0–1 Amora. Liga 3

#sccovilha #amora",0,0,
2026-05-01T16:39:17.726Z,gazette.goalbot.dev,"GOAL! 81' — M. Antunes scores for Amora. SC Covilha 0–1 Amora. Liga 3

#sccovilha #amora",0,0,
2026-05-01T16:38:25.180Z,gazette.goalbot.dev,"GOAL! 80' — Amora. SC Covilha 0–1 Amora. Liga 3

#sccovilha #amora",0,0,
2026-05-01T13:46:36+00:00,reisdesk.nl,"#Vakantie Dagaanbieding 1 mei: Hotel Santa Eufemia 6 dagen #hotel #vliegreis #Portugal #Covilhã - Vandaag: € 429,00 #goedkoop! - Kijk voor deze #aanbieding en meer op: reisdesk.nl/",0,0,
2026-05-02T15:15:10+00:00,pt-noticias.bsky.social,"Quem é Lua Afonso, a estudante de 18 anos da Covilhã elogiada no Parlamento? | Perfil

https://www.europesays.com/pt/366052/

Os dias da estudante Lua Afonso já eram uma correria — a jovem de 18 anos da Covilhã…",0,0,
2026-05-02T11:00:19+00:00,pt-noticias.bsky.social,"Igor Araújo acaba carreira de 20 anos no Covilhã com guarda de honra

https://www.europesays.com/pt/365831/

O guarda-redes Igor Araújo terminou esta sexta-feira com muita emoção uma carreira de 20 anos ao serviço do…",0,0,
2026-05-04T15:14:15.424Z,on-centro.bsky.social,"Relativamente à sinistralidade rodoviária, foram registados sete acidentes em Castelo Branco, dos quais resultaram um ferido grave, dois feridos ligeiros – num atropelamento – e danos materiais, bem como dois acidentes na Covilhã, sem vítimas a registar.

on-centro.pt/index.php/pt...",0,0,
2026-05-05T19:55:07.629Z,movebeiras.pt,"Está inaugurada a exposição ""Linha da Beira Baixa, Covilhã - Guarda no Século XXI""! 
Com fotografias de Antero Pires, decoração pelo Município de Belmonte e Museu Nacional Ferroviário, podes visitá-la até dia 5 de Junho no Welcome Center de Belmonte 😊",0,0,
2026-05-05T15:35:47.927Z,comculturaearte.bsky.social,"O festival WOOL, que se realiza na Covilhã, vai cancelar e reformular algumas das iniciativas previstas para a edição deste ano, após um “corte inesperado” de financiamento de cerca de 30% do orçamento, afirmou hoje a organização.

Sabe mais: comunidadeculturaearte.com/festival-woo...",0,0,
2026-05-05T16:31:07+01:00,rss.dfaria.eu,"Festival WOOL na Covilhã sobre “corte inesperado” de financiamento e é obrigado a reformular o programa do evento

O festival WOOL, que se realiza na Covilhã, vai cancelar e reformular algumas das iniciativas previstas para a edição deste […]

comunidadeculturaearte.com",0,0,
2026-05-06T11:00:00.228Z,desginmagazine.bsky.social,"13th edition of WOOL | Covilhã Urban Art 2026
 From 11 Jun 2026 to 21 Jun 2026, Covilhã, Portugal.

More info www.woolfest.org/en/wool/",0,0,
2026-05-08T10:19:06.923Z,desginmagazine.bsky.social,"Pontos de recollha dos kits de participação na acção artística comunitária ""A Nossa Casa"" na Covilhã! 
 
Há material e boa disposição em todos os locais. Há zero desculpas para não participar!

Mais info www.linkedin.com/company/wool...",0,0,
2026-05-11T10:55:40.601Z,paulopinto.bsky.social,"Prossegue o Ciclo de Cinema On the Move. A próxima sexta é dedicada à comunidade cigana: ""Balada de um Batráquio"" e ""Isaura"". Para comentar os filmes e conversar connosco, vamos ter as realizadoras: a Leonor Teles e a jovem Sandra Ofélia (que vem da Covilhã para o efeito)",0,0,
2026-05-11T10:30:42.106Z,desginmagazine.bsky.social,"13th edition of WOOL | Covilhã Urban Art 2026
 From 11 Jun 2026 to 21 Jun 2026, Covilhã, Portugal.

More info www.woolfest.org/en/wool/",1,0,
2026-05-13T10:33:44.330Z,mentecultural.bsky.social,"Os Efterklang regressam a Portugal em dezembro de 2026 para concertos na Covilhã, Lisboa, Espinho e Penafiel. Inclui residência artística de composição. Para saber tudo no site (link na bio)

#efterklang #concerto #agendadeconcertos #aovivo #efterklangportugal",1,0,
2026-05-14T01:11:17.390Z,record-portugal.bsky.social,Evento organizado pela Câmara da Covilhã decorre de 15 a 24 de maio,0,0,
2026-05-15T09:58:39.598Z,paulopinto.bsky.social,"Prossegue o On the Move no Avenidas. Vamos exibir ""Balada de um Batráquio"" e apresentar ""Isaura"". Estarão connosco as respetivas realizadoras, Leonor Teles e Sandra Ofélia, a jovem cineasta da UBI que vem da Covilhã para o efeito. Às 18h30 no Avenidas. A entrada é livre. youtu.be/u3DyUfMMJPI?...",0,0,
2026-05-16T15:29:09.860601Z,sapo.pt,Covilhã volta a receber festival aéreo com espetáculo de acrobacias,0,0,
2026-05-16T13:42:17.227976+00:00,worldfood.bsky.social,"🇵🇹 Portugal
🍽️ Taberna A Laranjinha
📍 Rua de Primeiro de Dezembro, Centro Histórico, Covilhã e Canhoso, Covilhã, Castelo Branco, 6200-151, Portugal

🔗 View on Google Maps",0,0,
2026-05-20T08:00:32+00:00,pt-noticias.bsky.social,"Universitário viola colega após festa na Covilhã – Portugal

https://www.europesays.com/pt/388218/

 O Correio da Manhã oferece nos seus artigos um espaço de comentário, que considera essencial para reflexão,…",0,0,
2026-05-20T21:15:11+00:00,eu-forums.bsky.social,"Andei a tirar fotos, algures entre o Fundão e a Covilhã

https://www.europesays.com/forums/154922/

No início deste ano, decidi arranjar um hobby e comprei uma máquina fotográfica. Comecei por publicar no Instagram,…",0,0,
2026-05-21T00:00:19+00:00,bytesde.bsky.social,"Ich habe Fotos gemacht, irgendwo zwischen Fundão und Covilhã

https://www.bytesde.com/1911715/

Anfang dieses Jahres entschloss ich mich, einem Hobby nachzugehen und kaufte eine Kamera. Ich habe angefangen, auf Instagram zu posten, habe die App jedoch aus Gründen der mentalen Hygiene …",0,0,
2026-05-20T23:34:18+00:00,csseo.bsky.social,"Stavo scattando delle foto, da qualche parte tra Fundão e Covilhã

https://www.csseo.org/1280001/

All’inizio di quest’anno ho deciso di dedicarmi ad un hobby e ho comprato una macchina fotografica. Ho iniziato a pubblicare su Instagram, ma ho finito per disinstallare l’app per motivi di igiene …",0,0,
2026-05-21T12:31:19+01:00,rss.dfaria.eu,"Programação musical da WOOL | Covilhã Arte Urbana volta a destacar a música alternativa nacional e emergente local

De 11 a 21 de junho a celebração das artes volta a invadir a cidade da Covilhã. A 13.ª edição […]

comunidadeculturaearte.com",0,0,
2026-05-24T19:33:24.418Z,ockamsrazor.bsky.social,"Tomorrow we head to Covilhã. Gateway to the Estrella.

Going on the twisty route - 6 hours riding time >330km, no motorways but plenty of roads like this.",1,0,
2026-05-25T18:38:13.855962Z,sapo.pt,Jardim Botânico da Covilhã recebe intervenção devido ao risco de queda de árvores,0,0,
2026-06-01T14:12:25.812Z,jornalexpresso.bsky.social,"Neste episódio em que se assinala o Dia da Criança, a cadeira do líder do podcast “O CEO é o limite” é ocupada por Lua Afonso, a jovem estudante da Covilhã que o Presidente da Assembleia da República apontou como um exemplo de mérito e excelência: expresso.pt/podcasts/o-ceo-...

📷 Matilde Fieschi",1,0,
2026-06-02T07:58:43.825Z,correiodamanha.bsky.social,"Foram contabilizados no total 1.840 atendimentos em toda a região, que engloba a Covilhã, Belmonte e o Fundão.",0,0,
2026-06-02T15:06:20.032Z,ubeirainterior.bsky.social,"𝐔𝐁𝐈 𝐫𝐞𝐧𝐨𝐯𝐚 𝐩𝐚𝐫𝐜𝐞𝐫𝐢𝐚 𝐧𝐚 𝐫𝐞𝐝𝐞 𝐪𝐮𝐞 𝐚𝐩𝐨𝐢𝐚 𝐯𝐢́𝐭𝐢𝐦𝐚𝐬 𝐞𝐦 𝐁𝐞𝐥𝐦𝐨𝐧𝐭𝐞, 𝐂𝐨𝐯𝐢𝐥𝐡𝐚̃ 𝐞 𝐅𝐮𝐧𝐝𝐚̃𝐨
A academia assinou o protocolo ""Territorialização da Rede Nacional de Apoio às Vítimas de Violência Doméstica e Violência Contra as Mulheres"".

Notícia completa: www.ubi.pt/Noticia/8264",0,0,
2026-06-03T11:50:53.295Z,seixasdacosta.bsky.social,"UM LIVRO E UMA MESA (16) 

O livro de hoje é ""O Divórcio das Nações - o colapso da Ordem Mundial visto por dentro"", de João Vale de Almeida, editado pela D. Quixote.

O restaurante de hoje é a ""Taberna A Laranjinha"", na Covilhã, com o tlf. 275 083 586.",0,0,
2026-06-04T10:38:47.766Z,ockamsrazor.bsky.social,"Pee and photo stop on the way to Covilhã - gateway to the Estrella.

This time last week.",0,0,
2026-06-06T14:26:20.941Z,rogera.bsky.social,"'Tiago Oliveira cited 100 per cent participation at Lisbon Metro, Transdev Viseu, the Urban Transport Company of Guarda & the urban transport company of Covilhã, plus ‘Carris workshops with 98 per cent participation; Soflusa/Transtejo, 85 per cent participation; CP operating only minimum services’.",0,0,
2026-06-06T11:26:08.321Z,hgmanue.bsky.social,"""La nouvelle réserve de Biosphère [UNESCO] de Estrela couvre une aire sur les 6 municipalités du Parc National de Serra da Estrela [=chaîne de montagnes dans la région centre du Portugal] : Seia, Gouveia, Celorico da Beira, Guardia, Manteigas et Covilha.""",1,1,[@hgmanue.bsky.social: www.unesco.org/fr/mab/wnbr/... (Likes: 1)]
2026-06-06T11:13:56.6414756Z,publico.pt,"A nova Reserva da Biosfera da Estrela abrange uma área distribuída pelos seis municípios do Parque Natural da Serra da Estrela: Seia, Gouveia, Celorico da Beira, Guarda, Manteigas e Covilhã.",3,0,
2026-06-06T10:53:08.217175Z,publicoazul.bsky.social,"A nova Reserva da Biosfera da Estrela abrange uma área distribuída pelos seis municípios do Parque Natural da Serra da Estrela: Seia, Gouveia, Celorico da Beira, Guarda, Manteigas e Covilhã.",0,0,
2026-06-07T08:27:32.043Z,on-centro.bsky.social,"A nova Reserva da Biosfera da Estrela abrange uma área total de 2.372,99 quilómetros quadrados (km²), distribuída pelos seis municípios do Parque Natural da Serra da Estrela, Seia, Gouveia, Celorico da Beira, Guarda, Manteigas e Covilhã.",0,0,
2026-06-09T19:30:34.300Z,thebsp.org.uk,"Call for Papers - #Phenomenology and the Political: Experience, Power, and Methods

International Conference - 2-3 December 2026, University of Beira Interior (Covilhã, Portugal). Organization: Albano Pina and Janilce Praseres (PRAXIS/UBI)

www.thebsp.org.uk/2026/06/09/p...",0,0,
2026-06-09T13:57:09.636Z,exkalibas.bsky.social,"Isto há gente mesmo rancorosa...

www.jornaldofundao.pt/covilha/tent...",0,0,
2026-06-09T13:15:12+00:00,pt-noticias.bsky.social,"Jovem de 19 anos tenta atropelar mortalmente amigo na Covilhã – Portugal

https://www.europesays.com/pt/411664/

 O Correio da Manhã oferece nos seus artigos um espaço de comentário, que considera essencial para reflexão,…",0,0,
2026-06-11T09:08:20.517Z,visitportugal.com,"More information about Wool, Covilhã Urban Art Festival here ⬇️
#VisitPortugal #Portugal #CenterOfPOrtugal #Event #Wool #Covilhã #Art",0,0,
2026-06-11T09:08:20.516Z,visitportugal.com,"From 11 to 21 June, #WOOL returns to transform #Covilhã into an open-air museum. Inspired by Serra da Estrela and wool heritage, murals spread throughout the streets, shows, exhibitions, and more bring the historic centre to life.  Don’t miss it.
#VisitPortugal #Portugal #CenterOfPOrtugal #Event",2,1,"[@visitportugal.com: More information about Wool, Covilhã Urban Art Festival here ⬇️
#VisitPortugal #Portugal #CenterOfPOrtugal #Event #Wool #Covilhã #Art (Likes: 0)]"
2026-06-12T14:15:20+01:00,handle.invalid,"WOOL | Covilhã Arte Urbana arranca para a sua 13.ª edição

O WOOL | Covilhã Arte Urbana começou ontem a celebrar 15 anos de actuação com uma edição em que o […]

comunidadeculturaearte.com",0,0,
2026-06-14T22:20:10+00:00,pt-entretenimento.bsky.social,"Pedro Abrunhosa, Sara Correia e Plutónio na Feira de São Tiago na Covilhã

https://www.europesays.com/pt/417904/

Já é conhecido o cartaz da edição deste ano da Feira de São Tiago, na Covilhã, que vai…",0,0,
2026-06-14T22:00:14+00:00,pt-noticias.bsky.social,"Pedro Abrunhosa, Sara Correia e Plutónio na Feira de São Tiago na Covilhã

https://www.europesays.com/pt/417904/

Já é conhecido o cartaz da edição deste ano da Feira de São Tiago, na Covilhã, que vai…",0,0,
2026-06-16T16:44:36.803Z,echoboomer.pt,"A FlixBus lançou uma nova ligação direta entre a Covilhã, Viseu e o Porto, com viagens sem transbordo e quatro horários diários.",0,0,
2026-06-18T16:28:15.961Z,visitportugal.com,"Until 21 June, #Wool brings over 40 cultural events to #Covilhã. Beyond the #festival, explore the city and surrounding areas for stunning views, places, and activities to build your own itinerary. Swipe the gallery for unique suggestions. 
+ info ➡️ hi.switchy.io/xqF1
#visitportugal #Portugal #art",2,0,
2026-06-20T11:15:47+01:00,handle.invalid,"Wool | Covilhã Arte Urbana encerra este fim-de-semana

O WOOL | Covilhã Arte Urbana tem estado desde o passado dia 11 de junho a celebrar 15 anos de […]

comunidadeculturaearte.com",0,0,
2026-06-21T10:46:28.089Z,snipe.lol,Infante Dom Henrique - the OG manspreader,5,1,[@snipe.lol: (I was polite and cropped off my battery charge indicator.) (Likes: 1)]
2026-06-20T16:06:20.847Z,kardek7.bsky.social,"Artist Ovelhas Mémé
#streetart #OvelhasMémé #art
#photography #sheep #woolfest
#mémé #graffiti #urbanart #artist
#mouton #streetartphotography 
#arturbain #graffeur #Covilhã",3,0,
2026-06-20T14:40:10.702203+00:00,nexa-news.bsky.social,Covilhã to Host Inaugural 1993 Cycling Tourism Festival in September,0,0,
2026-06-21T14:49:59.634Z,kardek7.bsky.social,"Artist Ovelhas Mémé
#streetart #OvelhasMémé #art
#photography #sheep #woolfest
#mémé #graffiti #urbanart #artist
#mouton #streetartphotography 
#arturbain #graffeur #Covilhã",7,0,
2026-07-02T10:23:14.828Z,jornalexpresso.bsky.social,Dos bálsamos vulvais aos lubrificantes vaginais: a partir da Covilhã a Labfit quer tornar-se referência internacional,0,0,
2026-07-02T15:55:01.570Z,diarioenredando.bsky.social,www.enredando.info/covilha-tier...,0,0,
2026-07-04T05:45:03+00:00,pt-noticias.bsky.social,"Mutualista da Covilhã vence Iniciativa Gulbenkian Integração com projeto “IntegraCare”

https://www.europesays.com/pt/439485/

A Mutualista da Covilhã venceu a Iniciativa Gulbenkian Integração, da Fundação Calouste Gulbenkian que vai financiar um novo…",0,0,
2026-07-06T20:57:20.736Z,josecruz.bsky.social,"Eles é que a levam toda!!! Está na altura de abrir outra OGMA, na Covilhã, por exemplo, para construir em vez de comprar sucata ao quilo.",0,0,
2026-07-08T06:29:45.374Z,deraltepoet.bsky.social,"Heute vor 529 Jahren, am 8. Juli 1497, verliess der portugiesische Seefahrer Vasco da Gama den Hafen Restelo bei Lissabon mit vier Schiffen, um den Seeweg nach Indien zu finden. de.wikipedia.org/wiki/Vasco_d...",3,0,
2026-06-30T22:00:37+00:00,pt-noticias.bsky.social,"Pedro Jorge surpreendido por Marisa Pires: “Adorei”

https://www.europesays.com/pt/435982/

Enquanto Pedro Jorge se encontrava no “Secret Story – Desafio Final”, da TVI, Marisa Pires remodelou a loja…",0,0,
2026-06-30T22:00:25+00:00,pt-entretenimento.bsky.social,"Pedro Jorge surpreendido por Marisa Pires: “Adorei”

https://www.europesays.com/pt/435982/

Enquanto Pedro Jorge se encontrava no “Secret Story – Desafio Final”, da TVI, Marisa Pires remodelou a loja…",0,0,
2026-06-10T08:58:19.974Z,correiodamanha.bsky.social,Vítima e agressor discutiram num bar por uma suposta questão sentimental.,0,0,
2026-06-09T20:15:07.647Z,on-centro.bsky.social,"De acordo com a PJ, a vítima permanece internada, encontrando-se livre de perigo, mas sob observação médica. O suspeito recebeu alta hospitalar cerca de dez horas depois, tendo sido conduzido às instalações da Polícia Judiciária da Guarda, onde foi detido.",0,0,
2026-06-09T16:15:40.762Z,correiodamanha.bsky.social,Vítima e agressor discutiram num bar por uma suposta questão sentimental.,0,0,
2026-06-09T11:58:40.074Z,correiodamanha.bsky.social,Vítima e agressor discutiram num bar por uma suposta questão sentimental.,0,0,
2026-06-02T18:26:23.848230Z,sapo.pt,Lousado inaugurou memorial em homenagem aos antigos combatentes,0,0,
2026-05-20T08:38:00.796Z,on-centro.bsky.social,"Segundo as autoridades, o suspeito terá assassinado a esposa em abril de 2003, no apartamento onde ambos residiam. 

on-centro.pt/index.php/pt...",1,0,
2026-05-19T17:15:38.516Z,on-centro.bsky.social,"Segundo a investigação, suspeito e vítima conheciam-se do meio universitário e os factos terão ocorrido após uma festa académica conhecida como «Festa das Tasquinhas».

on-centro.pt/index.php/pt...",0,0,
2026-05-19T12:35:04.597Z,correiodamanha.bsky.social,Polícia Judiciária da Guarda leva a tribunal jovem de 23 anos. Vítima tem 22 anos.,0,0,
2026-05-18T15:00:59Z,jornalgrandebahia.bsky.social,"Lucas Duarte brilha no FC Felgueiras, alcança 10 gols na Liga Portugal 2 e atrai interesse de clubes da Espanha, Japão e futebol árabe

Lucas Duarte encerra a temporada 2025/2026 como um dos brasileiros em destaque no futebol português. O atacante marcou 10 gols pelo FC Felgueiras na Liga Portugal…",0,0,
2026-05-12T07:02:23.000Z,oglobo.globo.com.web.brid.gy,,0,0,
2026-04-22T21:16:33.6206035+00:00,lusa.pt,Governo reafetou 900 ME do PRR para a inovação e competitividade - Ministro,0,0,
2026-04-22T21:15:39.9007860+00:00,lusa.pt,Governo reafetou 900 ME do PRR para a inovação e competitividade - Ministro,0,0,
2026-04-22T20:49:38.000Z,observador.pt.web.brid.gy,,0,0,
2026-04-17T11:01:47.000Z,rr.pt.web.brid.gy,,0,0,
2026-04-16T18:08:48.520Z,torcinho70.bsky.social,É como unha pandemia. www.jn.pt/pais/artigo/...,0,0,
2026-04-14T12:15:27+00:00,pt-noticias.bsky.social,"Mercadona abre nova loja em Portugal nesta semana | Notícias de hoje

https://www.europesays.com/pt/342491/

A Mercadona abre nesta quinta-feira, 16 de abril, uma nova loja em território português. Desta vez, o novo…",0,0,
2026-04-13T19:01:43.000Z,radiogrenal.com.br.web.brid.gy,,0,0,
2026-04-01T01:06:16.037Z,correiodamanha.bsky.social,Vítima passeava na zona quando decidiu ir dar um mergulho na pequena albufeira.,0,0,
2026-03-31T10:15:51.000Z,rr.pt.web.brid.gy,,0,0,
2026-03-30T12:20:34.766Z,davidjorgonson.bsky.social,"The legend attached to various places, but one of them was Ethiopia
One Portuguese agent actually arrived in Ethiopia while looking for Prester John
en.wikipedia.org/wiki/P%C3%AA...",1,1,"[@davidjorgonson.bsky.social: hey, relevant to the original topic:
""the Jesuits were able to convert the Ethiopian Emperors Za Dengel and Susenyos I to the faith in the 17th century but this resulted in a series of devastating rebellions and revolts against Catholic rule"" (Likes: 2)]"
2026-03-29T11:17:06.317Z,on-centro.bsky.social,"Em dado momento a vítima, em conivência com os suspeitos, apoderou-se de uma enorme quantia de dinheiro que não devolveu, tendo sido alvo de sequestro e posterior roubo de equipamentos eletrónicos que tinha em casa; salienta a PJ, no comunicado.

on-centro.pt/index.php/pt...",0,0,
2026-03-28T14:22:43.000Z,observador.pt.web.brid.gy,,0,0,
2026-03-24T08:52:09.713494+00:00,primeira.numero.pt,"arsenopirita

""...documentando o despejo de centenas de toneladas de arsenopirita decorrentes da extracção de volfrâmio em..."" ocorreu em:",0,0,
2026-03-24T04:28:25.767Z,correiodamanha.bsky.social,"Para que os serviços de saúde não tenham de parar está prevista a colocação de contentores, que possam acolher temporariamente os serviços das alas onde estejam a decorrer trabalhos.",0,0,
2026-03-19T17:34:00.843Z,mediaslibres.skyfleet.blue,"Portugal: journée de manifestations pour le logement, samedi 21 mars 2026",1,0,
2026-03-18T22:45:15+00:00,pt-noticias.bsky.social,"Mercadona vai abrir um novo supermercado na Margem Sul (e já está a contratar) — NiT

https://www.europesays.com/pt/310081/

A Mercadona soma e segue. Após ter anunciado que vai inaugurar, já em abril, dois espaços em Viseu…",0,0,
2026-03-18T00:40:49.000Z,observador.pt.web.brid.gy,,0,0,
2026-03-16T19:09:09.523Z,henriquepereir.bsky.social,"Só que não substituem todos os comboios, nem estão a ser feitos todos os comboios onde as linhas estão abertas...
Por exemplo, o 6403 que sai de Santa Apolónia às 5h35, está a ser feito o autocarro de Meleças às Caldas, mas não está a ser feito serviço entre Lisboa...
www.publico.pt/2026/03/16/l...",0,1,"[@henriquepereir.bsky.social: ...e Meleças!
O 6403 é um serviço muito importante, é o primeiro comboio do dia na Linha de Cintura, o primeiro comboio a chegar ao Cacém vindo de Lisboa, e simplesmente foi esquecido. O autocarro a partir de Meleças não tem qualquer ligação a Lisboa, os urbanos começam mais tarde. (Likes: 0)]"
2026-03-12T19:50:07.981Z,correiodamanha.bsky.social,Tratorista de 70 anos não resistiu aos múltiplos ferimentos.,0,0,
2026-02-27T16:23:10.218Z,guimaraesagora.bsky.social,guimaraesagora.pt/yes-novo-ope...,1,0,
2026-02-23T20:44:48.624Z,movebeiras.pt,"... e o estabelecimento de um serviço sólido entre Vila Velha de Ródão e a Guarda.

👉 Leia na edição em papel ou aqui (para assinantes): www.reconquista.pt/articles/doi...",1,0,
2026-02-23T20:44:47.075Z,movebeiras.pt,"📰 Este número animador é manchete da mais recente edição do Jornal Reconquista, onde Gabriel Fonseca e Oscar Ascensão da Move Beiras falam das possibilidades de este número crescer ainda mais, melhorando a oferta, como o retomar do percurso do Comboio Académico...",1,1,"[@movebeiras.pt: ... e o estabelecimento de um serviço sólido entre Vila Velha de Ródão e a Guarda.

👉 Leia na edição em papel ou aqui (para assinantes): www.reconquista.pt/articles/doi... (Likes: 1)]"
2026-02-22T17:15:16+00:00,pt-noticias.bsky.social,"Apoiar as vítimas de crime é fundamental para atenuar as consequências destes at…

https://www.europesays.com/pt/279909/

A cidade do Porto foi distinguida como Capital Nacional da Juventude 2026, superando treze candidaturas devido às suas…",0,0,
2026-02-08T22:29:23.000Z,cobrate.mastodon.social.ap.brid.gy,"Suite 1487 https://mastodon.social/@cobrate/115573521143754881

(2/2) ... construction #btp Templo Mayor inauguré par le sacrifice de milliers de guerriers (cf 1518).

#year1487 #histoire #politique",0,0,
2026-02-07T11:26:21.209Z,hdom.bsky.social,Saiu o ranking das melhores universidades.,1,0,
2026-01-31T08:59:22.885Z,pacheco-torgal.bsky.social,A cidade com mais engenheiros per capita e um inusitado escândalo salarial  19-pacheco-torgal-19.blogspot.com/2026/01/um-i...,0,0,
2026-01-26T08:45:39.146Z,eltrapezio.bsky.social,"REGIONES Y CIUDADES RAYANAS DE PORTUGAL SE PROMOCIONAN EN FITUR

eltrapezio.eu/es/2026/01/2...",0,0,
2026-01-22T18:10:14.261Z,record-portugal.bsky.social,Vai liderar Comissão de Gestão até ao final da época,0,0,
2026-01-21T00:44:00.000Z,observador.pt.web.brid.gy,,0,0,
2026-01-17T14:06:14.674603Z,sapo.pt,Reabertos acessos à Torre da Serra da Estrela,0,0,
2026-01-12T18:17:59.209Z,asulado.bsky.social,"""Após profunda reflexão...""",0,1,"[@cmspcoelho.bsky.social: A bem d'zer, a ex-assessora não o acusou de nada. Confidenciou-o numa conta privada de uma rede social. (Likes: 1)]"
2026-01-11T07:31:38.365Z,abola.bsky.social,Académica pode garantir hoje presença na fase de subida da Liga 3: saiba como https://c-de.co/k8Ypd,0,0,
2026-01-06T21:05:02.977Z,on-centro.bsky.social,,0,0,
2026-01-05T22:54:45.586147Z,sapo.pt,Cantar das Janeiras anima Penhas da Saúde no âmbito da “Estrela do Natal”,1,0,
2025-12-31T10:32:31.963Z,thetechcapital.com,"Asterion seeks clearance for acquisition of Altice’s Portugal hyperscale data centre

🔗 thetechcapital.com/asterion-see...

Follow for more timely news, views, and interviews.

At The Tech Capital you lead, we report.

#digitalinfrastructure #hyperscaleinfrastructure #datacenter #investment #news",0,0,
2025-12-19T11:51:25.654Z,on-centro.bsky.social,,0,0,
2025-12-18T19:00:19.329Z,wconcerthall.bsky.social,"Right now, Morais and Lagrifa perform #Carneyro #Santos #Dias, de Freitas and more in #Lisbon www.worldconcerthall.com/en/schedule/... #wch",0,0,
2025-12-18T18:45:05.274Z,wconcerthall.bsky.social,"In 15 minutes, Morais and Lagrifa perform #Carneyro #Santos #Dias, de Freitas and more in #Lisbon www.worldconcerthall.com/en/schedule/... #wch",1,0,
2025-12-18T08:15:05.423Z,wconcerthall.bsky.social,"Today, Morais and Lagrifa perform #Carneyro #Santos #Dias, de Freitas and more in #Lisbon www.worldconcerthall.com/en/schedule/... #wch",0,0,
2025-12-13T10:20:12.000Z,observador.pt.web.brid.gy,,0,0,
2025-12-12T20:00:18.000Z,uva.ce.gov.br.web.brid.gy,,0,0,
2025-12-10T10:30:21Z,jornalomirante.bsky.social,,0,0,
2025-12-02T17:35:08Z,dcdnews.bsky.social,,0,0,
2025-12-02T07:20:09Z,next.ink,,2,0,
2025-12-01T16:03:57.000Z,observador.pt.web.brid.gy,,0,0,
2025-12-01T10:32:25.115791Z,baptistehugot.com,"Au Portugal, #Asterion achète un campus de centre de données d’une capacité installée de 6,8MW à #Altice pour 120M€. Ce dernier restera le locataire principal dans le cadre d'un contrat de services à long terme. Les ventes s’enchaînent pour le groupe.
www.pfie.com/emea/2348912...",0,0,
2025-12-01T10:30:08Z,handle.invalid,,0,0,
2025-11-28T12:22:36.794Z,fabio14andrade.bsky.social,"#SlavaUkraini 

expresso.pt/economia/202...",0,0,
2025-11-24T11:25:03.000Z,observador.pt.web.brid.gy,,0,0,
2025-11-14T09:17:18.419385Z,sapo.pt,Retomada circulação ferroviária na Linha da Beira Baixa,0,0,
2025-11-11T10:59:55.395Z,fabio14andrade.bsky.social,"🇵🇹 Bom dia! 

#SlavaUkraini #FreePalestine 

eco.sapo.pt/2025/11/10/e...",0,0,
2025-11-07T18:18:44.950Z,hudnall56.bsky.social,"Took first at Monday’s premodern with Burn.

Hoping to get this wild one built before next month’s meetup",4,1,"[@sagegnosis.bsky.social: I would love to play Premodern but my area is allergic to anything that isn't EDH, cEDH, Legacy, or whatever the qualifier format is 

I wanna get into Premodern, Canlander, and Pauper (Likes: 3)]"
2025-11-06T17:13:26.000Z,observador.pt.web.brid.gy,,0,0,
2025-11-06T17:09:09.980950Z,sapo.pt,Incêndio atinge empresa de reciclagem têxtil Jomafil,0,0,
2025-11-06T11:05:00.702Z,fabio14andrade.bsky.social,"#SlavaUkraini #FreePalestine 

www.cmjornal.pt/sociedade/cl...",0,0,
2025-11-04T12:42:07.000Z,observador.pt.web.brid.gy,,0,0,
2025-11-01T00:17:42.000Z,observador.pt.web.brid.gy,,0,0,
2025-10-22T12:50:49.718Z,blog30zero7.bsky.social,blog30zero7.blogspot.com/2025/10/cear...,0,0,
2025-10-16T08:25:14.915Z,santotirsoonline.bsky.social,Petroprix inaugura o sétimo posto low-cost em Santo Tirso santotirsoonline.com/petroprix-in...,0,0,
2025-10-15T10:47:41.157Z,tiagodf.bsky.social,"Entre os alvos do despedimento coletivo estão trabalhadoras grávidas e de baixa, bem como trabalhadores de chefias intermédias em com alguns anos de casa, diz o JN.",2,0,
2025-10-14T17:14:07Z,esquerdanet.bsky.social,Teleperformance despede 240 trabalhadores por videochamada,4,0,
2025-10-12T21:21:28.402Z,tiagodf.bsky.social,"O *verifica notas* Nós, Cidadãos ganha Belmonte ao PS com o antigo presidente de Penamacor, em limitação de mandatos neste último concelho, que derrota o antigo autarca da Covilhã, também em limite de mandatos lá.",0,1,[@tiagodf.bsky.social: PS ganha Tabuaço ao PSD. (Likes: 1)]
2025-10-11T05:47:30Z,blazetrends.bsky.social,"Benfica Candidate Manteigas: Club Must Be 'In The System' For Football Reform

",0,0,
2025-10-10T21:07:12.098Z,movebeiras.pt,"🎶 Para fechar, a paragem na Guarda e a ""segunda parte"" da Música a Bordo do passado domingo na descida para a Covilhã!
📷 Rodrigo Ascensão",0,0,
2025-10-10T15:00:26+00:00,pt-noticias.bsky.social,"Pedro Jorge defende Marisa e é atacado por Fábio e Dylan: “Coitadinho, ela não reclamou…”

https://www.europesays.com/pt/105095/

Apesar do incómodo que Marisa sentiu por lhe terem mexido nas partes íntimas, Fábio garante que a concorrente…",0,0,
2025-10-10T15:00:20+00:00,pt-entretenimento.bsky.social,"Pedro Jorge defende Marisa e é atacado por Fábio e Dylan: “Coitadinho, ela não reclamou…”

https://www.europesays.com/pt/105095/

Apesar do incómodo que Marisa sentiu por lhe terem mexido nas partes íntimas, Fábio garante que a concorrente…",0,0,
2025-10-08T20:22:16.066Z,movebeiras.pt,"📸 Partilhamos, a partir de hoje e até sexta-feira, várias fotografias do passado domingo!
🚉 Começamos pela concentração na estação da Covilhã antes do II Música a Bordo!",0,0,
2025-10-07T19:27:27.024Z,movebeiras.pt,"🪗 Celeste Miranda e Paula Costa são as 2 amigas que animaram uma das carruagens dos regionais da tarde entre a Covilhã e a Guarda no passado domingo!
🎶 Alegria e diversão em doses contagiantes",0,0,
2025-10-01T17:30:06+00:00,pt-noticias.bsky.social,"Galeria António Lopes recebe nova exposição

https://www.europesays.com/pt/94726/

A artista plástica Carina Leal abre as portas da exposição “Tenho Sentidos”, no próximo dia 4 de outubro,…",0,0,
2025-10-01T11:11:15.000Z,observador.pt.web.brid.gy,,0,0,
2025-09-29T12:21:28Z,recipesmarketplace.bsky.social,"Diogo Lopes, a star winemaker

In 2023, Grandes Escolhas, a leading wine magazine, named Diogo Lopes “Enologist of the Year.” The seeds of this recognition were planted in his childhood. While most of his friends spent their summers by the sea, Diogo stayed on his grandfather’s farm in the…",0,0,
2025-09-27T03:18:26.000Z,observador.pt.web.brid.gy,,0,0,
2025-09-27T02:18:13.000Z,observador.pt.web.brid.gy,,0,0,
2025-09-25T09:21:13.062Z,publicoazul.bsky.social,"ULS da Cova da Beira apela à população para que tome medidas preventivas, nomeadamente, que eliminem ou virem ao contrário pratos de vasos, baldes ou outros recipientes que acumulem água.",0,0,
2025-09-24T18:13:28.000Z,observador.pt.web.brid.gy,,0,0,
2025-09-02T11:46:40.006Z,robinoflocksley.bsky.social,www.theportugalnews.com/news/2025-04...,0,1,[@robinoflocksley.bsky.social: www.mlive.com/life/2025/04... (Likes: 0)]
2025-08-28T09:30:15.000Z,observador.pt.web.brid.gy,,0,0,
2025-08-27T19:00:03.000Z,observador.pt.web.brid.gy,,0,0,
2025-08-26T19:32:22.996Z,robinoflocksley.bsky.social,www.theportugalnews.com/news/2025-04...,1,1,[@robinoflocksley.bsky.social: www.mlive.com/life/2025/04... (Likes: 1)]
2025-08-26T09:43:36.399Z,on-centro.bsky.social,"Parlamento prepara-se para debate depois de 250 mil hectares de área ardida

-

on-centro.pt/index.php/pt...",1,1,[@portugalense.bsky.social: com tantas fotos da AR em dominio publico era mesmo necessario usar uma a base de IA? (Likes: 0)]
2026-07-10T13:48:29.481Z,abola.bsky.social,Académico de Viseu goleia no primeiro jogo da época https://c-de.co/l5BNn,0,0,
2026-07-13T14:48:41.672Z,on-centro.bsky.social,"Neste período, a PSP deteve quatro homens por conduzirem veículos sem habilitação legal. Três das detenções ocorreram em Castelo Branco, envolvendo indivíduos com 19, 21 e 25 anos, enquanto a quarta ocorreu na Covilhã, onde foi detido um homem de 39 anos.

📌 on-centro.pt/index.php/pt...",0,0,
2026-07-14T10:01:28+01:00,rss.dfaria.eu,"10th Meeting of the Portuguese Society for Analytic Philosophy (ENFA 10)

Looking forward to participating in the 10th Meeting of the Portuguese Society for Analytic Philosophy (ENFA 10) this week, taking place 15–17 July at the Faculty of Arts and...

dfaria.eu",0,0,
2026-07-14T08:29:08.000Z,dfaria.eu,"10th Meeting of the Portuguese Society for Analytic Philosophy (ENFA 10)

Looking forward to participating in the 10th Meeting of the Portuguese Society for Analytic Philosophy (ENFA 10) this week, taking place 15–17 July at the Faculty of Arts and Letters,...

https://dfaria.eu/287656",2,0,
2026-07-14T08:29:08.000Z,df.dfaria.eu.ap.brid.gy,"Looking forward to participating in the 10th Meeting of the Portuguese Society for Analytic Philosophy (ENFA 10) this week, taking place 15–17 July at the Faculty of Arts and Letters, University of Beira Interior (UBI), in Covilhã, Portugal.

The conference brings together researchers working […]",0,0,
2026-07-15T07:40:03.929Z,comculturaearte.bsky.social,"Nasceu no Rio de Janeiro, cantou com João Gilberto e Tom Jobim, foi apagada da história da Bossa Nova. ""A Noite de Alaíde"", a cinebiografia de Alaíde Costa, estreia a 16 de Julho em cinemas de Lisboa, Setúbal, Santarém, Gaia, Guimarães e Covilhã.

PUB
comunidadeculturaearte.com/a-noite-de-a...",1,0,
2026-07-16T18:27:10Z,maisribatejo.bsky.social,UD Santarém estreia-se na Liga 3 com deslocação à Covilhã Leia maisribatejo.pt #Liga3 #UDSantarém #Futebol #Desporto #PrimeraFase,0,0,
2026-07-16T21:33:45.302Z,abola.bsky.social,Académico de Viseu não tira o pé do acelerador e volta a golear https://c-de.co/Xy4po,1,0,
2026-07-17T15:09:46.506Z,ubeirainterior.bsky.social,"Ana Paula Duarte, Reitora da UBI, esteve presente na sessão de abertura da 613º Edição da Feira de São Tiago, uma das feiras mais antigas da Península Ibérica.

Visite o stand da UBI, em frente ao palco principal, até 26 de julho.

(Fotografia Município da Covilhã)",0,0,
2026-07-18T18:01:25+01:00,rss.dfaria.eu,"Sharing my work at ENFA 10

Over the last few days, I had the pleasure of participating in the 10th Meeting of the Portuguese Society for Analytic #Philosophy (ENFA 10), held at the University of Beira...

dfaria.eu",0,0,
2026-07-18T16:51:05.000Z,dfaria.eu,"Sharing my work at ENFA 10

Over the last few days, I had the pleasure of participating in the 10th Meeting of the Portuguese Society for Analytic #Philosophy (ENFA 10), held at the University of Beira...

https://dfaria.eu/288786",1,0,
2026-07-18T16:51:05.000Z,df.dfaria.eu.ap.brid.gy,"Over the last few days, I had the pleasure of participating in the 10th Meeting of the Portuguese Society for Analytic #Philosophy (ENFA 10), held at the University of Beira Interior in Covilhã.

I presented my paper, ""A 'Collective Turn' in Religious Epistemology,"" and greatly appreciated the […]",0,0,
2026-07-19T18:41:11.872Z,jarwoski.bsky.social,curitibaeparanaemfotosantigas.blogspot.com/2026/07/covi...,0,0,
2026-07-20T17:50:09.049Z,on-centro.bsky.social,"Balanço operacional inclui detenções por condução sob o efeito do álcool e sem carta de condução, além de ações de fiscalização rodoviária nas cidades de Castelo Branco e Covilhã.

📌  on-centro.pt/index.php/pt...",0,0,
2026-07-22T14:37:55.938Z,ubeirainterior.bsky.social,"𝐂𝐚𝐫𝐭𝐚̃𝐨 𝐁𝐫𝐚𝐧𝐜𝐨 𝐧𝐨 𝐄𝐮𝐫𝐨𝐩𝐞𝐮 𝐔𝐧𝐢𝐯𝐞𝐫𝐬𝐢𝐭𝐚́𝐫𝐢𝐨 𝐝𝐞 𝐀𝐧𝐝𝐞𝐛𝐨𝐥 𝐫𝐞𝐜𝐨𝐧𝐡𝐞𝐜𝐢𝐝𝐨 𝐜𝐨𝐦 𝐩𝐫𝐞́𝐦𝐢𝐨 𝐢𝐧𝐭𝐞𝐫𝐧𝐚𝐜𝐢𝐨𝐧𝐚𝐥

A Comissão Organizadora do Campeonato Europeu Universitário de Andebol - Covilhã 2025, na qual se incluI a UBI, foi distinguida pela EUSA com um prémio de Fair Play.

Notícia completa: www.ubi.pt/Noticia/8316",0,0,
2026-07-24T02:20:02.164Z,analis-futebol.bsky.social,"Ekanga Ondoa, avançado de 23 anos, é emprestado ao Sp. Covilhã após passagem no Estrela da Amadora. Avaliando perfil, aposta em potencial físico e mobilidade para o ataque. Análise futura dependerá integração tática e volume de jogo no novo clube. #AnáliseFutebol #Brasileirão #Estatísticas #Tática",0,0,
2026-07-26T18:34:47.618Z,bazert.bsky.social,"Devias usar, as receitas são muito boas e tem sempre o que preciso, desde a Chanfana até às filhoses da Covilhã",0,1,"[@jonasnuts.bsky.social: Sim, mas tirando os doces, está cheio de proteína animal :-) (Likes: 0)]"
2026-07-26T16:51:36.190Z,jegargj.bsky.social,zap.aeiou.pt/chama-se-lua...,0,0,
2026-07-26T14:30:13+00:00,pt-noticias.bsky.social,"Temperaturas aumentam. Treze concelhos em perigo máximo de incêndio

https://www.europesays.com/pt/462995/

 O nível de alerta mais elevado abrange os concelhos Bragança, Covilhã, Belmonte, Tomar, Castelo de Vide, Marvão,…",0,0,
2026-07-27T20:42:36.118Z,movebeiras.pt,"🔴 Concelho da Covilhã
Na Bouça e Cortes do Meio: Grupo Desportivo A.C. da Bouça
Na Covilhã e Canhoso: Banda da Covilhã",0,1,"[@movebeiras.pt: 🟢 Concelho da Guarda
Na Benespera: Associação Cult Recr Benespera
Na Guarda: Freguesia da Guarda, Associação Cultural e de Melhoramentos do Bairro Nossa Senhora de Fátima e Centro Social Povoa do Mileu
Na Vela: Clube Cicloturismo da Vela (Likes: 0)]"
2026-07-27T20:42:35.902Z,movebeiras.pt,"🎫 Onde posso fazer a inscrição?
Neste momento temos várias associações e juntas de freguesia que estão a aceitar inscrições nos concelhos de Belmonte, Covilhã, Guarda, Sabugal e Trancoso!",0,1,"[@movebeiras.pt: 🔵 Concelho de Belmonte
Em Belmonte: Associação Amigos da Estação de Belmonte e Freguesia de Belmonte 
Em Caria: Junta de Freguesia de Caria 
Em Maçainhas: Associação da Juventude de Maçaínhas (Likes: 0)]"
2026-07-27T20:42:35.440Z,movebeiras.pt," Para já estão previstas as seguintes: Tortosendo, Covilhã, Caria, Belmonte, Maçainhas, Benespera,
Guarda, Vila Franca das Naves, Celorico da Beira, Mangualde e Carregal do Sal. Outras paragens poderão ser acrescentadas, se for viável.",0,1,"[@movebeiras.pt: O passeio só se realizará se tivermos um mínimo de 220 participantes.
Haverá animação a bordo durante a viagem!
🛥️ A visita em Aveiro
Teremos, à nossa espera, guias que darão a conhecer as salinas e, a bordo de moliceiros, os canais da cidade de Aveiro! (Likes: 0)]"
2026-07-27T19:19:03.000Z,observador.pt.web.brid.gy,,0,0,
2026-07-27T11:43:08.080Z,mannextdoor.bsky.social,,2,0,
2026-07-27T21:15:20+00:00,pt-noticias.bsky.social,"Um ferido grave em camião que caiu da A23 na Guarda

https://www.europesays.com/pt/464539/

O despiste de um pesado de mercadorias Guarda na A23, antes do túnel do Barracão, no sentido Guarda-Covilhã,…",0,0,
2026-07-28T20:06:52.933Z,mormadalena.bsky.social,"Vai-s'a'ver e já tive finais de dia de trabalho piores, já. 
Covilhã bem!!!",1,0,
2026-07-28T18:52:14.032Z,mormadalena.bsky.social,"Impressionante! Covilhã bem! 
e com uma zona exterior bem catita para ir para lá ler depois de champinhar.
Ora então 'bora lá buscar a fatiota aproriada e descer novamente que tenho os pezinhos e as perninhas mesmo a precisar de molho",0,0,
2026-07-28T18:39:23.985Z,mormadalena.bsky.social,"COVILHÃ 🥳🥳🥳
Temos vencedora e apreciadora 
Amanhã mostro as papas 😋",2,1,"[@bazert.bsky.social: Eu quero é comê-las, só ver não chega (Likes: 1)]"
2026-07-28T18:28:24.379Z,bazert.bsky.social,"E eu escrevi mal, é carolo. 
Carolo é milho moido. É com carolo que no Algarve fazem o Xerém, que são papas salgadas com amêijoas ou conquilhas, e na Covilhã as Papas de Carolo, tipo arroz doce. Gosto de Xerém, mas prefiro as doces",1,5,"[@mormadalena.bsky.social: Agora vou ali ver se o SPA está muito abafado ou se consigo enfiar-me de molho. Diz que está aberto até às 22h30 e isso dps de um dia de trabalho e 40° pode saber-me bem (Likes: 3)] | [@mormadalena.bsky.social: COVILHÃ 🥳🥳🥳
Temos vencedora e apreciadora 
Amanhã mostro as papas 😋 (Likes: 2)] | [@terc34.bsky.social: É um dos doces típicos da beira baixa. (Likes: 3)] | [@louropt.bsky.social: Na região de Leiria de onde eu sou carolo é, ou era, o sabugo do milho. O que resta depois de retirarem os grãos. (Likes: 0)] | [@aquianaribeiro.bsky.social: A minha avó paterna adorava carolos, é assim que se chamam lá na terra do meu pai, era uma papa doce que mais ninguém em casa apreciava. (Likes: 2)]"
2026-07-29T18:51:51.051888Z,fogospt.bsky.social,"🔥⚠ Novo incêndio em Castelo Branco, Covilhã, Boidobra - Mato. Saiba mais em https://fogos.pt/fogo/20261068363 #IRCovilhã FogosPT  ⚠🔥",0,0,
2026-07-29T18:03:36.000Z,observador.pt.web.brid.gy,,0,0,
2026-07-29T12:12:02+00:00,afrika-europa.bsky.social,"SC Covilha U17 – Ausländische Spieler aus Sambia

https://www.europesays.com/afrika/43746/

SC Covilha U17 – Ausländische Spieler aus Sambia | Transfermarkt NEWS TRANSFERS & GERÜCHTE WETTBEWERBE MARKTWERTE COMMUNITY STATISTIKEN…",0,0,
2026-07-31T14:51:00.190Z,reneartois.bsky.social,"A opção não é entre ter um centro IT da Google ou um Airbnb. 
É gestão dentro daquilo que o território oferece e permite.

Olhem para o data center a PT na Covilhã, que bem que resultou.

Por outro lado, o Fundão é um exemplo positivo, mas que levou décadas a desenvolver e ter resultados.",1,1,"[@leitorcompulsivo.bsky.social: Claro que não, mas podemos admitir que o AL vai estar lá na mesma sem o Estado gastar recursos ou fundos europeus para o efeito 

Gastar fundos europeus no turismo no interior é surreal quando há tanto para fazer que realmente fixa população, transportes, serviços, etc (Likes: 1)]"
2026-08-01T17:43:30.847739Z,fogospt.bsky.social,"🔥⚠ Novo incêndio em Castelo Branco, Covilhã, Vila Do Carvalho - Mato. Saiba mais em https://fogos.pt/fogo/20261083573 #IRCovilhã FogosPT  ⚠🔥",0,0,
2026-08-04T10:45:31.546Z,jornalexpresso.bsky.social,"🇵🇹 A jovem da Covilhã destacou-se entre quase 24 mil participantes de todo o mundo e recebeu o Anita Gale Visionary Leadership Award. Saiba mais: expresso.pt/sociedade/pesso...

📷 D.R.",2,0,
2026-08-05T23:41:44.796437Z,fogospt.bsky.social,"🔥⚠ Novo incêndio em Castelo Branco, Covilhã, Covilhã E Canhoso - Mato. Saiba mais em https://fogos.pt/fogo/20261105454 #IRCovilhã FogosPT  ⚠🔥",0,0,
2026-08-05T22:39:32.000Z,rr.pt.web.brid.gy,,0,0,
2026-08-06T16:36:01.762181Z,fogospt.bsky.social,"🔥⚠ Novo incêndio em Castelo Branco, Covilhã, Vila Do Carvalho - Mato. Saiba mais em https://fogos.pt/fogo/20261109138 #IRCovilhã FogosPT  ⚠🔥",1,0,
2026-08-08T17:42:20.429Z,goalbot.dev,"GOAL! 79' — SC Covilha. SC Covilha 2–0 União Santarém. Liga 3

#sccovilha #uniaosantarem",0,0,
2026-08-08T17:26:18.780Z,goalbot.dev,"GOAL! 63' — SC Covilha. SC Covilha 1–0 União Santarém. Liga 3

#sccovilha #uniaosantarem",0,0,
2026-08-08T21:15:43.039931Z,fogospt.bsky.social,"🔥⚠ Novo incêndio em Castelo Branco, Covilhã, Tortosendo - Mato. Saiba mais em https://fogos.pt/fogo/20261121103 #IRCovilhã FogosPT  ⚠🔥",0,0,
2026-08-09T12:53:13.018Z,ciclismomundial.bsky.social,"A etapa 4 da Volta a Portugal traz-nos o primeiro dia de alta montanha com chegada à mítica Torre, na Covilhã! Num dia que promete grandes diferenças na classificação geral, poderá Adria Pericas estrear-se a vencer como profissional?

#VoltaaPortugal",0,0,
2026-08-10T08:33:43.957Z,usamailbox.bsky.social,"#StreetArt

by MURA

in #Covilhã, #Portugal",2,1,"[@rosepatriots.bsky.social: Another way to change the future for the better that no one is talking about right now: ""How the Money Changers Changed the Money""

cenrei.substack.com/p/the-real-w... (Likes: 0)]"
2026-08-10T06:26:22Z,pt-pt.pds.netasgard.com,Alverca — FC Porto vence Alverca e inicia campeonato com vitória #FC #FCPorto #Benfica #Alverca #News,0,0,
2026-08-10T17:34:29Z,portaldragoes.bsky.social,"Durante a subida à Torre da Serra da Estrela, na Covilhã, Rui Oliveira, da UAE Emirates, parou para saudar Pepe. O antigo defesa, de 43 anos, rendeu-se ao ciclismo após colocar um ponto final na carreira futebolística e tem partilhado vários momentos com destacados ciclistas portugueses. No…",0,0,
2026-08-10T16:13:11Z,pt-pt.pds.netasgard.com,em Portugal — Primeira cirurgia de osteointegração transfemural realizada em Portugal #EmPortugal #News,0,0,
2026-08-11T06:06:16.000Z,observador.pt.web.brid.gy,,0,0,
2026-08-10T21:15:30+00:00,pt-noticias.bsky.social,"Volta: Rui Oliveira interrompe subida à Torre para abraçar Pepe

https://www.europesays.com/pt/482070/

Na subida à Torre da Serra da Estrela, na Covilhã, Rui Oliveira (UAE Emirates) interrompeu a etapa para…",0,0,
2026-08-11T15:40:57.000Z,observador.pt.web.brid.gy,,0,0,
2026-08-12T14:30:29+00:00,pt-noticias.bsky.social,"Diabetes em Movimento reforça aposta na Covilhã para apoiar pessoas com diabetes tipo 2

https://www.europesays.com/pt/483958/

O programa Diabetes em Movimento inicia atividade na Covilhã, a partir de outubro de 2026, de modo a…",0,0,
2026-08-12T14:03:29.740028Z,fogospt.bsky.social,"🔥⚠ Novo incêndio em Castelo Branco, Covilhã, Teixoso - Mato. Saiba mais em https://fogos.pt/fogo/20261140698 #IRCovilhã FogosPT  ⚠🔥",0,0,
2026-08-14T06:02:10.448668Z,fogospt.bsky.social,"🔥⚠ Novo incêndio em Castelo Branco, Covilhã, Orjais - Mato. Saiba mais em https://fogos.pt/fogo/20261149184 #IRCovilhã FogosPT  ⚠🔥",0,0,
2026-08-14T16:45:43.768113Z,fogospt.bsky.social,"🔥⚠ Novo incêndio em Castelo Branco, Covilhã, Covilhã E Canhoso - Mato. Saiba mais em https://fogos.pt/fogo/20261152537 #IRCovilhã FogosPT  ⚠🔥",0,0,
2026-08-14T12:52:08.923160Z,fogospt.bsky.social,"🔥⚠ Novo incêndio em Castelo Branco, Covilhã, Ferro - Mato. Saiba mais em https://fogos.pt/fogo/20261151338 #IRCovilhã FogosPT  ⚠🔥",0,0,
2026-08-15T09:10:51.196235Z,fogospt.bsky.social,"🔥⚠ Novo incêndio em Castelo Branco, Covilhã, Covilhã E Canhoso - Mato. Saiba mais em https://fogos.pt/fogo/20261155689 #IRCovilhã FogosPT  ⚠🔥",0,0,
2026-08-16T07:01:06.551Z,jonasnuts.bsky.social,"Obviamente :-)
E na semana passada trouxeram-me um de ovelha, da Covilhã :-)
Também aceitei.",0,0,
2026-08-17T18:20:12.000Z,observador.pt.web.brid.gy,,0,0,
2026-08-17T16:35:39.877Z,on-centro.bsky.social,"Castelo Branco: PSP deteve vários suspeitos por violência doméstica, tráfico de droga e crimes rodoviários.

👇

on-centro.pt/index.php/pt...",0,0,
2026-08-17T21:53:23.675469Z,fogospt.bsky.social,"🔥⚠ Novo incêndio em Castelo Branco, Covilhã, Paul - Mato. Saiba mais em https://fogos.pt/fogo/20261170477 #IRCovilhã FogosPT  ⚠🔥",0,0,
2026-08-18T15:46:39.527092Z,fogospt.bsky.social,"🔥⚠ Novo incêndio em Castelo Branco, Covilhã, Covilhã E Canhoso - Mato. Saiba mais em https://fogos.pt/fogo/20261174636 #IRCovilhã FogosPT  ⚠🔥",0,0,
2026-08-18T21:36:21.404Z,imutley.bsky.social,"Há o Arcos em lx. Mas tugal não é só lx. E Cuf (e afins) até na Covilhã há. € é € e se o Estado se ""oferece"" para pagar, pruridos vão desaparecer em segundos quando começarem a fazer as contas.

Aliás é capaz de ser a melhor arma contra tentações de abolir o aborto.",0,2,"[@fcancio.bsky.social: não. a clínica dos arcos é o único estabelecimento privado q faz interrupção de gravidez em portugal. (Likes: 0)] | [@shyznogd.bsky.social: Sei q n é só lx e esse era um dos problemas das mulheres açorianas, tinham/têm de vir para cá (vide os vários trabalhos sobre ivg da @fcancio.bsky.social durante o ano de 2023 no DN) (Likes: 1)]"
2026-08-20T11:01:22.036683Z,fogospt.bsky.social,"🔥⚠ Novo incêndio em Castelo Branco, Covilhã, Tortosendo - Mato. Saiba mais em https://fogos.pt/fogo/20261183818 #IRCovilhã FogosPT  ⚠🔥",0,0,
2026-08-21T19:15:10+01:00,rss.dfaria.eu,"Município da Covilhã quer ser capital da Cultura em 2028 e já reuniu mais de 500 contributos da comunidade

O Município da Covilhã junta-se ao grupo de cidades que querem ser Capital Portuguesa da Cultura em 2028 e, para […]

comunidadeculturaearte.com",0,0,
2026-08-21T18:06:45.076Z,comculturaearte.bsky.social,"O Município da Covilhã junta-se ao grupo de cidades que querem ser Capital Portuguesa da Cultura em 2028 e, para fundamentar a candidatura, já recolheu mais de 500 contributos da comunidade, informou hoje a Câmara Municipal.

Sabe mais: comunidadeculturaearte.com/municipio-da...",0,0,
2026-08-21T15:18:28.571436Z,sapo.pt,COVILHÃ: Candidatura do Município a Capital da Cultura já integra mais de 500 contributos,0,0,
2026-08-22T18:50:42.858Z,terminal.goalbot.dev,"GOAL! 81' — S. Traore scores for Atlético CP. SC Covilha 0–3 Atlético CP. Liga 3

#sccovilha #atleticocp",0,0,
2026-08-22T18:48:56.896Z,terminal.goalbot.dev,"GOAL! 75' — H. Suker scores for Atlético CP. SC Covilha 0–3 Atlético CP. Liga 3

#sccovilha #atleticocp",0,0,
2026-08-22T18:26:22.051Z,haha.yes.goalbot.dev,"🟥 Red Card 60' — R. Dias (Atlético CP). SC Covilha 0–1 Atlético CP. Liga 3

#sccovilha #atleticocp",0,0,
2026-08-22T18:20:24.690Z,terminal.goalbot.dev,"GOAL! 56' — J. Martins scores for Atlético CP. SC Covilha 0–1 Atlético CP. Assist: B. Lourenco. Liga 3

#sccovilha #atleticocp",0,0,
2026-08-23T19:12:22.410Z,deixaospoisar.bsky.social,"Da Covilhã nunca saiu nada de jeito, tudo normal, portanto",1,2,"[@bazert.bsky.social: Sai eu, que tenho costela de lá. Ora (Likes: 2)] | [@fatnun.bsky.social: txiii (Likes: 0)]"
2026-08-23T18:15:48.481Z,bazert.bsky.social,"(Havia, já deve ter morrido, um fulano na Covilhã conhecido por lapes-de-pau)",0,0,
2026-08-23T18:14:33.211Z,bazert.bsky.social,A minha mãe chamava afiadeira e era da Covilhã,0,0,
2026-08-23T18:12:37.606Z,guilhermproenca.bsky.social,"Na Covilhã, apara-lapes",1,3,"[@bazert.bsky.social: (Havia, já deve ter morrido, um fulano na Covilhã conhecido por lapes-de-pau) (Likes: 0)] | [@bazert.bsky.social: A minha mãe chamava afiadeira e era da Covilhã (Likes: 0)] | [@deixaospoisar.bsky.social: Da Covilhã nunca saiu nada de jeito, tudo normal, portanto (Likes: 1)]"
2026-08-24T13:55:53.942Z,tynesnapper.bsky.social,"#Lisbon #Portugal Infante D Henrique Lisbon monument in the National Pantheon Lisbon Portugal. He was also known as Prince Henry the Navigator and lived between 1394 and 1460, his body lies at the Monastery of Batalha.

Son of King João I and Philippa of Lancaster, Duke of Viseu, Lord of Covilhã.",0,0,
2026-08-24T12:11:18.144Z,on-centro.bsky.social,"Operações de fiscalização rodoviária decorreram entre 17 e 24 de agosto e incluíram sete ações com 109 condutores fiscalizados.

👇
on-centro.pt/index.php/pt...",0,0,
2026-08-26T00:04:45.000Z,rr.pt.web.brid.gy,,0,0,
2026-08-27T15:34:20.160Z,jcangaia.bsky.social,"Guarda-Covilhã, partida às 18:30",0,0,
2026-08-27T13:36:45.439Z,echoboomer.pt,"Action alarga rede nacional com lojas em Alcobaça e na Covilhã, ambas com mais de 860 m².",0,0,
2026-08-27T12:47:01.1416645+00:00,lusa.pt,Covilhã foi o município com maior área ardida entre 2020 e 2025 – INE,0,0,
2026-08-27T20:09:40.420Z,movebeiras.pt,"...vai levar a divulgação científica  aos regionais da manhã de sexta-feira, 25 de Setembro, entre a Covilhã e a Guarda!

A Move Beiras é parceira deste evento, do qual podes consultar mais aqui: 
www.ubi.pt/Noticia/8330",0,0,
